id,Date,Open,High,Low,Close,Volume,OpenInt
aadr.us,2012-01-12,27.291,27.388,27.291,27.388,720,0
csd.us,2011-11-10,21.019,21.019,20.824,20.945,2376,0
dag.us,2011-12-19,10.12,10.25,10.09,10.09,116378,0
aadr.us,2011-06-23,29.16,29.287,29.16,29.287,411,0
aadr.us,2010-08-20,24.537,24.537,24.517,24.527,1238,0
dag.us,2011-12-15,9.89,9.97,9.25,9.83,64992,0
aadr.us,2010-08-25,24.091,24.111,24.091,24.111,720,0
dag.us,2011-12-27,10.45,10.75,10.41,10.72,85442,0
bscj.us,2012-11-30,19.28,19.28,19.271,19.28,4808,0
bscj.us,2012-06-28,18.351,18.351,18.217,18.217,9562,0
dag.us,2012-06-01,8.88,8.95,8.64,8.65,43932,0
dag.us,2012-01-25,10.75,10.89,10.7,10.83,60331,0
aadr.us,2011-02-02,29.5,29.5,29.472,29.482,608,0
dag.us,2012-09-24,13.1,13.13,12.9,13.05,57025,0
dag.us,2012-12-26,12,12,11.62,11.63,15322,0
bscj.us,2012-04-25,17.939,17.947,17.913,17.913,5241,0
bscj.us,2012-04-02,17.956,17.964,17.931,17.931,11544,0
aadr.us,2010-11-29,27.718,27.718,27.514,27.514,983,0
bscj.us,2012-12-12,19.283,19.283,19.209,19.226,13235,0
csd.us,2011-05-16,23.198,23.198,22.946,22.946,921,0
csd.us,2011-03-11,21.646,21.842,21.646,21.842,1702,0
dag.us,2011-11-22,10.05,10.21,9.94,9.95,19289,0
dag.us,2012-10-24,12.64,12.85,12.64,12.71,10913,0
dag.us,2011-03-25,14.57,14.85,14.18,14.4,438525,0
csd.us,2011-07-07,23.573,23.788,23.573,23.694,3244,0
dag.us,2012-11-07,12.71,12.88,12.69,12.73,27251,0
aadr.us,2011-07-18,29.529,29.645,29.376,29.376,2577,0
dag.us,2011-09-15,14.5,14.55,14.08,14.08,106629,0
csd.us,2011-01-06,21.356,21.356,21.301,21.319,4864,0
dag.us,2012-04-10,11.03,11.11,10.78,10.79,45475,0
dag.us,2012-05-15,9.14,9.23,9.09,9.11,41801,0
dag.us,2011-03-24,13.93,14.4,13.93,14.39,269307,0
aadr.us,2012-01-05,27.057,27.378,27.057,27.34,19515,0
dag.us,2011-08-18,14.53,14.75,14.34,14.59,181484,0
dag.us,2012-12-10,12.59,12.59,12.43,12.58,4700,0
csd.us,2011-03-22,22.124,22.17,22.105,22.17,1099,0
dag.us,2012-12-12,12.28,12.28,12.05,12.1,50221,0
bscj.us,2012-12-26,19.226,19.226,19.209,19.226,12824,0
dag.us,2011-12-30,10.81,10.84,10.76,10.79,52588,0
dag.us,2011-07-28,14.79,14.82,14.4,14.41,145941,0
dag.us,2011-11-16,10.99,11.09,10.81,10.83,35257,0
dag.us,2011-01-14,14.32,14.51,14.1,14.51,711429,0
aadr.us,2012-05-04,28.745,28.745,28.668,28.668,3640,0
csd.us,2011-11-09,21.262,21.262,20.87,20.87,5712,0
dag.us,2011-02-01,15.81,16,15.65,15.99,697850,0
aadr.us,2012-08-15,28.212,28.249,28.212,28.249,233,0
aadr.us,2010-10-29,27.98,27.98,27.98,27.98,309,0
aadr.us,2011-11-14,27.446,27.737,27.446,27.63,9909,0
aadr.us,2011-03-15,28.174,28.658,28.174,28.658,7942,0
dag.us,2011-09-27,12.77,13.21,12.45,12.45,175819,0
dag.us,2012-03-06,11.07,11.09,10.8,10.82,107223,0
dag.us,2011-04-13,14.58,14.8,14.08,14.39,187855,0
aadr.us,2010-10-08,27.59,27.688,27.59,27.649,1092,0
bscj.us,2012-06-18,18.253,18.253,18.236,18.246,7615,0
dag.us,2011-04-04,15.28,15.73,15.28,15.66,537924,0
aadr.us,2011-03-29,29.16,29.16,29.16,29.16,411,0
dag.us,2011-08-19,14.61,15.18,14.61,15.09,98735,0
dag.us,2012-05-17,9.46,9.68,9.46,9.65,23478,0
bscj.us,2012-06-27,18.273,18.281,18.273,18.281,598,0
dag.us,2011-03-18,13.91,14.45,13.83,13.98,913817,0
dag.us,2012-07-13,13.42,13.48,13.17,13.31,73470,0
aadr.us,2012-04-23,29.015,29.15,28.918,28.958,2700,0
dag.us,2012-07-06,12.52,12.58,12.2,12.35,286323,0
aadr.us,2011-07-20,29.996,30.12,29.996,30.093,2166,0
dag.us,2011-10-03,11.23,11.5,10.5,10.55,465291,0
dag.us,2011-01-10,13.88,14.06,13.66,13.97,421506,0
aadr.us,2012-12-20,30.345,30.51,30.083,30.51,3807,0
csd.us,2011-10-21,20.758,20.758,20.663,20.721,4531,0
bscj.us,2012-12-19,19.162,19.189,19.162,19.179,18617,0
dag.us,2011-10-26,12.24,12.24,11.74,11.84,49306,0
dag.us,2012-09-20,13.32,13.4,12.95,13.11,75891,0
dag.us,2012-03-14,10.97,11.02,10.83,10.99,193327,0
aadr.us,2011-11-21,26.067,26.283,26.067,26.186,2061,0
csd.us,2011-07-13,23.386,23.573,23.293,23.293,7897,0
dag.us,2012-08-14,13.48,13.53,13.2,13.25,82416,0
dag.us,2012-11-20,12.13,12.39,12.1,12.34,8694,0
bscj.us,2012-04-17,18.03,18.03,18.03,18.03,418,0
aadr.us,2010-10-11,27.815,27.815,27.756,27.756,824,0
aadr.us,2011-07-08,30.735,30.763,30.735,30.763,618,0
dag.us,2012-08-31,14.5,14.53,14.3,14.44,40046,0
dag.us,2011-01-20,14.48,14.92,14.15,14.87,683409,0
dag.us,2011-04-29,13.78,14.54,13.75,14.36,476931,0
csd.us,2011-09-22,19.187,19.42,18.793,19.017,2925,0
dag.us,2011-09-26,12.95,13.5,12.27,12.27,224963,0
aadr.us,2012-12-03,29.462,29.615,29.462,29.596,2139,0
aadr.us,2012-12-05,29.714,29.714,29.714,29.714,413,0
dag.us,2011-05-06,13.11,13.62,12.75,12.93,341431,0
aadr.us,2011-06-29,30.364,30.442,30.364,30.442,1238,0
aadr.us,2011-02-10,29.025,29.218,29.025,29.169,1032,0
csd.us,2011-06-07,22.338,22.338,22.132,22.207,1584,0
aadr.us,2011-03-30,29.416,29.567,29.356,29.537,2849,0
csd.us,2011-03-18,21.768,21.768,21.684,21.712,2224,0
dag.us,2011-01-04,14.01,14.08,13.19,13.57,633424,0
bscj.us,2012-05-10,18.123,18.123,18.113,18.113,4040,0
dag.us,2011-10-19,12.17,12.17,11.8,11.81,44245,0
aadr.us,2011-03-16,28.388,28.397,27.678,27.805,32520,0
dag.us,2011-10-12,11.99,12.17,11.84,12.01,162428,0
dag.us,2011-04-19,14.84,14.95,14.7,14.78,232507,0
csd.us,2011-06-30,22.84,22.84,22.84,22.84,600,0
dag.us,2011-02-07,16.39,16.39,16.05,16.18,516805,0
csd.us,2011-03-03,22.469,22.506,22.45,22.506,2273,0
dag.us,2012-01-05,11.1,11.1,10.64,10.7,66137,0
dag.us,2012-01-31,10.71,10.75,10.62,10.7,27419,0
dag.us,2011-11-21,10.27,10.35,9.88,10.1,151787,0
aadr.us,2011-05-17,30.16,30.16,30.16,30.16,1406,0
csd.us,2011-01-28,21.14,21.14,21.038,21.038,1768,0
csd.us,2011-06-21,22.207,22.245,22.207,22.245,2020,0
dag.us,2012-04-23,10.08,10.38,10.08,10.19,52965,0
dag.us,2011-03-07,15.83,15.83,15.09,15.38,616287,0
dag.us,2011-06-07,14.44,14.54,14.32,14.45,100216,0
aadr.us,2010-10-26,27.951,28.019,27.941,28.009,1069,0
csd.us,2011-04-18,22.543,22.543,22.319,22.357,1578,0
dag.us,2011-08-26,15.5,16.19,15.3,16.12,285289,0
dag.us,2011-04-25,15.49,15.54,15.23,15.42,534449,0
dag.us,2011-06-06,14.74,14.79,14.19,14.25,208889,0
aadr.us,2011-06-10,29.946,29.946,29.877,29.877,3313,0
dag.us,2011-06-02,14.32,14.95,14.32,14.93,305239,0
csd.us,2011-03-14,21.628,21.664,21.506,21.664,2764,0
bscj.us,2012-12-04,19.257,19.294,19.257,19.276,5821,0
bscj.us,2012-08-01,18.671,18.671,18.634,18.671,9287,0
dag.us,2012-12-28,11.76,11.82,11.75,11.78,23796,0
aadr.us,2011-06-24,29.268,29.406,29.268,29.406,513,0
aadr.us,2011-07-07,30.935,30.935,30.896,30.896,1032,0
dag.us,2011-04-06,15.45,15.47,15.12,15.2,287441,0
csd.us,2011-09-16,20.496,20.571,20.496,20.571,389,0
dag.us,2012-11-01,12.88,12.92,12.78,12.78,21371,0
dag.us,2011-06-01,14.39,14.5,14.1,14.21,226513,0
aadr.us,2012-05-30,27.204,27.204,27.204,27.204,101,0
csd.us,2011-04-05,22.862,22.974,22.835,22.852,10593,0
dag.us,2011-11-10,11.63,11.66,11.08,11.08,125950,0
dag.us,2012-07-09,13.12,13.35,12.96,13.24,405256,0
dag.us,2011-04-01,15,15.2,14.75,15.01,320453,0
bscj.us,2012-10-19,19.121,19.165,19.121,19.149,3318,0
aadr.us,2011-10-12,27.048,27.301,27.048,27.301,11727,0
dag.us,2011-09-02,15.48,15.98,15.35,15.97,188299,0
aadr.us,2012-05-03,29.248,29.278,29.248,29.278,660,0
aadr.us,2010-10-05,27.466,27.786,27.466,27.776,71865,0
dag.us,2012-03-13,10.93,10.97,10.78,10.92,47159,0
dag.us,2012-04-19,10.4,10.4,10.23,10.27,23722,0
dag.us,2011-08-22,15.36,15.45,15.19,15.29,147719,0
aadr.us,2011-07-06,30.745,30.838,30.745,30.782,6394,0
aadr.us,2010-07-28,24.477,24.517,24.352,24.431,4967,0
bscj.us,2012-06-13,18.116,18.144,18.116,18.144,4479,0
aadr.us,2012-02-10,28.879,28.879,28.823,28.823,340,0
bscj.us,2012-06-22,18.281,18.289,18.281,18.289,1226,0
dag.us,2012-05-22,9.7,9.7,9.37,9.4,20730,0
aadr.us,2012-03-20,29.819,29.819,29.819,29.819,513,0
dag.us,2011-11-02,11.85,11.85,11.43,11.56,97632,0
csd.us,2011-01-05,21.356,21.413,21.319,21.393,4234,0
aadr.us,2011-05-13,30.384,30.557,29.907,29.907,513,0
dag.us,2011-08-02,14.22,14.98,14.08,14.85,477783,0
dag.us,2012-03-20,11.23,11.23,10.92,10.95,201075,0
dag.us,2012-07-27,13.88,14.14,13.86,13.99,118528,0
bscj.us,2012-11-19,19.24,19.258,19.24,19.258,1843,0
csd.us,2011-08-08,20.317,20.317,19.289,19.289,11910,0
dag.us,2012-06-25,10.18,10.58,10.16,10.51,100130,0
dag.us,2012-07-12,13.01,13.2,12.96,13.07,76096,0
dag.us,2011-01-13,14.6,14.74,14.39,14.7,634720,0
aadr.us,2010-10-12,27.766,27.883,27.582,27.883,2037,0
dag.us,2012-09-19,13.36,13.49,13.18,13.47,44668,0
bscj.us,2012-12-10,19.339,19.339,19.274,19.301,12811,0
csd.us,2011-08-03,21.851,21.871,21.693,21.833,8305,0
aadr.us,2010-07-26,24.624,24.624,24.449,24.595,19443,0
bscj.us,2012-09-05,18.811,18.82,18.785,18.811,5404,0
csd.us,2011-05-20,23.068,23.133,22.974,22.984,2165,0
aadr.us,2012-11-23,28.948,29.113,28.948,29.015,3507,0
dag.us,2012-03-05,11.36,11.5,11.15,11.2,145948,0
dag.us,2011-02-16,15.61,15.88,15.56,15.7,400484,0
aadr.us,2011-02-17,29.376,29.714,29.376,29.665,2683,0
aadr.us,2011-12-29,27.038,27.175,26.999,27.038,9159,0
aadr.us,2011-04-28,30.782,30.792,30.773,30.792,1263,0
aadr.us,2011-05-20,30.374,30.374,30.374,30.374,166,0
dag.us,2012-05-01,10.22,10.25,10.18,10.19,20911,0
bscj.us,2012-12-20,19.189,19.209,19.136,19.179,14172,0
dag.us,2012-04-20,10.3,10.33,10.1,10.18,15524,0
dag.us,2011-05-11,13.74,13.74,12.88,12.97,410388,0
csd.us,2011-02-14,21.824,21.918,21.806,21.918,2646,0
csd.us,2011-07-19,23.142,23.181,23.002,23.181,2055,0
aadr.us,2011-03-11,29.103,29.103,29.103,29.103,1032,0
csd.us,2011-05-11,23.198,23.228,23.059,23.208,4801,0
dag.us,2012-08-07,13.82,13.92,13.62,13.66,121481,0
csd.us,2011-11-18,20.917,21.104,20.917,21.028,4872,0
dag.us,2012-06-28,10.94,11.08,10.78,10.87,56190,0
csd.us,2011-10-12,20.27,20.571,20.262,20.571,2000,0
dag.us,2012-02-24,10.79,10.8,10.7,10.79,31636,0
dag.us,2012-03-15,11.2,11.4,11.09,11.38,151560,0
aadr.us,2012-06-26,26.933,26.933,26.806,26.923,1568,0
aadr.us,2010-12-08,28.443,28.443,28.212,28.298,2238,0
bscj.us,2012-11-16,19.236,19.254,19.189,19.226,15618,0
dag.us,2012-01-09,10.64,10.88,10.64,10.88,35997,0
dag.us,2011-11-01,11.5,11.65,11.15,11.63,128836,0
aadr.us,2011-01-03,29.065,29.141,28.968,29.141,1631,0
aadr.us,2012-08-01,28.087,28.087,27.903,27.903,291,0
dag.us,2012-12-18,12.15,12.23,12.03,12.19,62411,0
bscj.us,2012-06-12,18.179,18.179,18.153,18.161,6596,0
aadr.us,2012-02-29,29.586,29.615,29.519,29.519,792,0
aadr.us,2012-05-11,28.164,28.174,28.164,28.174,309,0
dag.us,2011-07-22,14.39,14.75,14.35,14.7,165945,0
bscj.us,2012-04-23,18.077,18.077,18.077,18.077,1733,0
dag.us,2012-09-05,14.51,14.51,14.16,14.17,46682,0
dag.us,2011-09-01,16.04,16.23,15.52,15.52,241417,0
dag.us,2011-07-18,13.98,14.25,13.9,14.24,116926,0
dag.us,2012-07-23,14.3,14.43,13.99,14.17,271787,0
aadr.us,2011-12-16,26.447,26.447,26.215,26.389,16029,0
dag.us,2011-02-04,15.8,16.11,15.55,16.11,678348,0
aadr.us,2010-08-30,24.517,24.517,24.517,24.517,309,0
bscj.us,2012-09-12,18.77,18.78,18.727,18.752,15672,0
aadr.us,2012-05-14,27.844,27.844,27.844,27.844,101,0
aadr.us,2011-03-04,29.625,29.665,29.625,29.665,929,0
bscj.us,2012-08-20,18.556,18.556,18.548,18.548,2299,0
dag.us,2011-12-02,10.34,10.66,10.3,10.41,48131,0
aadr.us,2012-07-20,27.115,27.115,27.115,27.115,122,0
aadr.us,2012-02-13,29.103,29.103,29.103,29.103,558,0
bscj.us,2012-09-14,18.766,18.766,18.695,18.738,5274,0
bscj.us,2012-11-29,19.249,19.277,19.23,19.277,11040,0
csd.us,2011-09-23,19.205,19.279,19.187,19.279,1302,0
aadr.us,2010-09-10,25.806,25.806,25.708,25.747,1960,0
aadr.us,2012-11-27,29.025,29.228,28.988,29.035,3094,0
dag.us,2012-08-28,14.12,14.3,13.99,14.16,37018,0
csd.us,2011-10-11,20.252,20.28,20.252,20.28,880,0
aadr.us,2012-06-29,27.62,27.62,27.62,27.62,309,0
csd.us,2011-01-12,21.413,21.413,21.327,21.366,4175,0
dag.us,2011-06-16,13.68,14.06,13.48,13.56,403368,0
csd.us,2011-08-15,20.205,20.429,20.205,20.429,19135,0
aadr.us,2010-08-12,24.276,24.276,24.276,24.276,1032,0
bscj.us,2012-11-13,19.268,19.286,19.268,19.286,3474,0
aadr.us,2011-02-03,29.366,29.537,29.278,29.537,824,0
aadr.us,2011-08-09,26.923,27.388,26.757,27.388,411,0
bscj.us,2012-10-16,19.174,19.192,19.165,19.192,5686,0
dag.us,2011-01-12,14.61,14.74,14.01,14.35,983761,0
aadr.us,2010-08-23,24.557,24.557,24.557,24.557,206,0
dag.us,2012-01-13,10.28,10.38,10.25,10.26,44080,0
aadr.us,2011-12-05,27.874,27.874,27.874,27.874,411,0
dag.us,2011-09-06,15.41,15.51,15.06,15.37,120762,0
csd.us,2011-12-22,22.078,22.116,21.975,21.975,5880,0
aadr.us,2011-02-07,29.366,29.472,29.366,29.472,679,0
csd.us,2011-06-06,22.338,22.367,22.132,22.132,2654,0
dag.us,2012-05-30,9.11,9.14,9.01,9.09,15048,0
dag.us,2012-06-07,9.02,9.4,9.02,9.32,140583,0
aadr.us,2010-12-09,28.298,28.298,28.298,28.298,370,0
dag.us,2012-06-12,9.19,9.22,8.99,9.06,30666,0
bscj.us,2012-04-12,18.017,18.017,17.982,18.009,4397,0
dag.us,2011-03-16,12.52,12.99,12,12.44,698505,0
dag.us,2011-01-06,14.01,14.01,13.5,13.53,676903,0
dag.us,2011-01-03,14.35,14.53,14.08,14.13,346244,0
csd.us,2011-08-04,21.983,21.983,20.925,20.925,15148,0
bscj.us,2012-06-08,18.188,18.188,18.188,18.188,563,0
dag.us,2011-02-23,13.85,14.69,13.8,14.67,1060974,0
dag.us,2011-05-10,14.08,14.24,13.73,13.88,281377,0
dag.us,2012-07-16,13.79,13.99,13.78,13.95,224900,0
dag.us,2012-05-11,9.14,9.33,9,9.05,78439,0
dag.us,2012-10-23,12.52,12.68,12.46,12.64,50408,0
dag.us,2011-02-14,16.25,16.32,15.82,15.96,847253,0
dag.us,2012-10-25,12.73,12.73,12.53,12.58,7700,0
dag.us,2011-05-20,14.09,14.48,13.85,14.23,249777,0
aadr.us,2011-01-11,28.851,28.958,28.813,28.918,5994,0
aadr.us,2010-12-21,28.628,28.678,28.558,28.648,10956,0
dag.us,2011-01-31,15.35,15.7,15.21,15.63,393319,0
bscj.us,2012-12-14,19.217,19.226,19.199,19.209,40583,0
csd.us,2011-10-18,20.336,20.626,20.309,20.626,4679,0
aadr.us,2010-11-10,28.145,28.145,28.145,28.145,101,0
csd.us,2011-04-04,22.937,22.946,22.872,22.946,4747,0
bscj.us,2012-09-26,18.965,19.013,18.965,19.013,19760,0
aadr.us,2011-06-30,30.424,30.745,30.424,30.745,1545,0
csd.us,2011-10-13,20.486,20.496,20.449,20.458,2717,0
bscj.us,2012-11-14,19.268,19.277,19.24,19.258,21192,0
csd.us,2011-01-10,20.935,21.189,20.935,21.189,871,0
aadr.us,2011-11-04,27.844,27.844,27.844,27.844,237,0
dag.us,2011-03-04,15.9,15.95,15.23,15.69,323105,0
csd.us,2011-07-20,23.264,23.264,22.994,23.106,1710,0
dag.us,2011-04-28,14.51,14.6,13.72,13.8,777675,0
bscj.us,2012-11-21,19.221,19.221,19.183,19.203,12078,0
csd.us,2011-03-01,22.338,22.338,21.983,22.058,3737,0
dag.us,2011-12-09,10.53,10.8,10.36,10.39,91962,0
aadr.us,2011-04-04,30.13,30.13,30.13,30.13,101,0
aadr.us,2011-03-18,28.298,28.298,28.298,28.298,206,0
aadr.us,2012-08-03,28.087,28.087,28.087,28.087,411,0
aadr.us,2011-08-05,27.678,27.678,27.582,27.582,7721,0
aadr.us,2011-03-14,29.045,29.045,28.833,28.833,2063,0
dag.us,2011-12-20,10.17,10.45,10.17,10.42,75012,0
aadr.us,2012-04-16,29.287,29.287,29.287,29.287,151,0
bscj.us,2012-05-16,18.141,18.141,18.141,18.141,2992,0
dag.us,2012-03-21,10.98,11.11,10.9,10.9,27490,0
aadr.us,2011-02-15,29.434,29.453,29.278,29.278,2549,0
dag.us,2012-02-17,10.62,10.68,10.54,10.64,11954,0
dag.us,2012-04-18,10.25,10.31,10.11,10.11,27629,0
csd.us,2011-05-12,23.124,23.339,23.021,23.339,1959,0
aadr.us,2012-07-17,27.009,27.125,27.009,27.125,449,0
dag.us,2012-12-11,12.45,12.45,12.22,12.29,9922,0
dag.us,2011-01-28,15.57,15.58,15.22,15.31,302167,0
dag.us,2012-05-02,10.1,10.14,9.82,9.85,45836,0
aadr.us,2011-09-30,25.226,25.226,24.994,24.994,5993,0
aadr.us,2012-05-21,27.272,27.456,27.252,27.456,2577,0
aadr.us,2012-07-16,26.96,26.96,26.951,26.951,513,0
csd.us,2011-06-28,22.263,22.367,22.263,22.367,3659,0
csd.us,2011-05-09,22.964,23.161,22.946,23.116,3170,0
aadr.us,2011-10-26,27.262,27.34,27.125,27.34,687,0
csd.us,2011-04-06,23.012,23.049,22.955,23.04,3134,0
dag.us,2011-04-27,15,15.01,14.41,14.75,564201,0
csd.us,2011-10-26,21.038,21.057,20.738,20.992,9158,0
aadr.us,2011-08-02,29.547,29.547,29.297,29.297,746,0
aadr.us,2012-02-28,29.645,29.926,29.645,29.926,1162,0
dag.us,2011-09-13,14.96,15.05,14.5,14.69,104682,0
csd.us,2011-10-07,19.84,19.897,19.579,19.869,1794,0
dag.us,2011-05-05,13.47,13.47,12.81,13.01,624366,0
dag.us,2011-08-16,14.18,14.7,14.18,14.62,183580,0
aadr.us,2010-12-01,27.698,27.903,27.698,27.903,1683,0
aadr.us,2012-12-12,30.006,30.044,30.006,30.044,1133,0
bscj.us,2012-11-05,19.258,19.286,19.258,19.286,1391,0
dag.us,2011-10-14,12.21,12.25,12.02,12.13,48358,0
csd.us,2011-07-05,23.303,23.367,23.228,23.348,5177,0
bscj.us,2012-08-03,18.601,18.652,18.601,18.652,5846,0
dag.us,2012-11-06,12.7,12.8,12.7,12.78,4941,0
bscj.us,2012-05-07,18.204,18.214,18.204,18.204,12161,0
dag.us,2012-05-29,9.29,9.31,9,9.09,35946,0
aadr.us,2011-11-22,26.603,26.623,26.283,26.302,738,0
aadr.us,2010-10-22,28.115,28.598,28.115,28.598,513,0
aadr.us,2012-03-30,30.073,30.073,30.006,30.006,1178,0
csd.us,2011-04-20,22.675,22.675,22.619,22.637,942,0
aadr.us,2012-09-06,28.648,28.648,28.648,28.648,101,0
aadr.us,2010-11-26,27.756,27.864,27.718,27.864,2944,0
bscj.us,2012-10-24,19.156,19.183,19.156,19.183,7338,0
aadr.us,2012-12-17,29.916,29.966,29.877,29.877,618,0
dag.us,2011-05-19,14.73,14.8,14.09,14.22,290466,0
bscj.us,2012-09-21,18.855,18.882,18.855,18.882,10378,0
bscj.us,2012-12-24,19.209,19.226,19.209,19.217,3669,0
aadr.us,2012-07-27,27.874,27.99,27.786,27.99,950,0
dag.us,2012-01-30,10.71,10.76,10.46,10.5,144882,0
bscj.us,2012-05-09,18.204,18.204,18.167,18.167,5899,0
aadr.us,2012-07-26,27.504,27.504,27.504,27.504,152,0
aadr.us,2011-05-25,29.819,30.034,29.819,30.034,896,0
aadr.us,2011-03-01,29.509,29.509,29.376,29.376,7736,0
aadr.us,2011-04-08,30.12,30.216,30.12,30.16,1018,0
dag.us,2011-03-22,13.9,14.16,13.58,14.16,282485,0
csd.us,2011-01-27,21.356,21.384,21.327,21.346,49557,0
aadr.us,2011-09-08,28.049,28.049,28.019,28.019,61599,0
aadr.us,2011-09-16,27.494,27.494,27.446,27.494,1815,0
csd.us,2011-08-19,19.083,19.522,19.083,19.167,2171,0
bscj.us,2012-09-06,18.775,18.775,18.747,18.756,6648,0
csd.us,2011-06-16,21.712,21.758,21.712,21.739,926,0
dag.us,2011-03-31,14.75,14.98,14.49,14.97,979383,0
csd.us,2011-11-04,21.289,21.355,21.289,21.326,1114,0
aadr.us,2010-12-29,28.736,28.879,28.736,28.879,593,0
aadr.us,2010-10-19,27.436,27.533,27.34,27.34,1960,0
dag.us,2012-01-27,10.96,10.98,10.73,10.79,110147,0
dag.us,2011-06-22,13.9,13.94,13.2,13.38,419387,0
aadr.us,2012-08-02,27.301,27.301,27.301,27.301,14120,0
csd.us,2011-11-28,20.365,20.729,20.365,20.579,59315,0
aadr.us,2012-05-10,28.231,28.231,28.231,28.231,102,0
aadr.us,2010-12-16,28.548,28.648,28.423,28.648,1596,0
csd.us,2011-12-02,21.636,21.768,21.636,21.684,3340,0
bscj.us,2012-04-16,17.973,17.973,17.973,17.973,1336,0
csd.us,2011-08-09,19.261,19.476,18.839,19.177,20773,0
dag.us,2012-03-02,11.28,11.49,11.28,11.41,30006,0
bscj.us,2012-07-09,18.498,18.498,18.44,18.44,5187,0
aadr.us,2011-08-30,28.125,28.493,28.078,28.368,2898,0
dag.us,2012-02-10,10.66,10.72,10.42,10.43,63246,0
dag.us,2011-02-03,16.4,16.43,15.47,15.78,1531425,0
csd.us,2011-06-22,22.132,22.245,22.115,22.217,3653,0
dag.us,2011-09-19,13.67,13.84,13.32,13.77,122253,0
dag.us,2012-12-03,12.76,12.83,12.63,12.66,29245,0
aadr.us,2011-06-17,29.179,29.179,29.085,29.085,618,0
aadr.us,2011-10-21,26.816,26.816,26.816,26.816,4228,0
dag.us,2012-10-22,12.86,12.9,12.81,12.84,11473,0
csd.us,2011-06-24,21.918,21.955,21.918,21.955,948,0
dag.us,2011-11-14,11.1,11.2,10.86,10.9,24345,0
dag.us,2012-02-03,10.83,10.96,10.77,10.89,49141,0
csd.us,2011-02-28,22.141,22.141,22.115,22.115,742,0
bscj.us,2012-10-05,19.047,19.047,19.022,19.022,3423,0
aadr.us,2010-10-27,27.99,27.99,27.99,27.99,116,0
aadr.us,2012-12-07,29.966,29.966,29.665,29.665,1032,0
csd.us,2011-09-27,20.056,20.252,19.831,19.906,70485,0
aadr.us,2011-03-21,28.823,28.823,28.823,28.823,1032,0
dag.us,2012-04-05,11.19,11.2,11.08,11.18,5810,0
aadr.us,2010-08-24,24.14,24.198,24.14,24.198,3920,0
aadr.us,2012-02-16,29.519,29.519,29.519,29.519,206,0
dag.us,2012-06-13,8.91,9.08,8.91,9.07,89258,0
dag.us,2011-12-05,10.5,10.59,10.48,10.52,63183,0
dag.us,2012-12-20,11.73,11.87,11.7,11.74,30536,0
dag.us,2011-09-21,13.87,14.03,13.34,13.34,63798,0
csd.us,2011-07-11,23.527,23.527,23.254,23.31,7777,0
csd.us,2011-06-01,23.04,23.04,22.797,22.797,1816,0
dag.us,2011-03-14,13.24,13.65,13.12,13.52,349408,0
dag.us,2012-06-14,9.15,9.15,8.95,9.04,14461,0
dag.us,2012-10-04,13.18,13.27,12.97,13.01,34595,0
dag.us,2012-08-27,14.29,14.43,14.12,14.15,69666,0
aadr.us,2012-09-20,29.094,29.228,29.075,29.228,4107,0
csd.us,2011-12-20,21.366,21.861,21.366,21.861,6747,0
csd.us,2011-06-20,21.918,21.918,21.796,21.824,1417,0
aadr.us,2010-07-30,24.228,24.333,24.228,24.333,618,0
aadr.us,2012-03-12,29.416,29.416,29.386,29.386,421,0
aadr.us,2011-08-08,26.408,26.866,24.789,26.136,10861,0
aadr.us,2012-12-14,29.897,29.996,29.897,29.907,1650,0
aadr.us,2012-04-24,29.132,29.132,29.132,29.132,206,0
dag.us,2012-03-12,10.6,10.86,10.5,10.86,70328,0
aadr.us,2010-08-04,25.069,25.069,25.069,25.069,513,0
dag.us,2011-05-16,12.87,13.24,12.81,12.88,254120,0
aadr.us,2010-09-02,25.236,25.236,25.236,25.236,101,0
dag.us,2011-03-02,15.53,15.74,15.18,15.5,455698,0
aadr.us,2011-03-24,29.065,29.326,29.065,29.326,1080,0
csd.us,2011-11-02,20.897,20.917,20.795,20.917,2143,0
dag.us,2011-10-07,10.77,10.85,10.44,10.75,351626,0
aadr.us,2012-11-15,27.883,27.941,27.883,27.903,720,0
dag.us,2011-04-20,15.2,15.35,14.61,14.78,367602,0
dag.us,2011-10-20,11.72,11.88,11.5,11.78,52832,0
dag.us,2012-08-29,14.33,14.56,14.2,14.53,41814,0
aadr.us,2010-09-16,26.486,26.486,26.486,26.486,206,0
dag.us,2012-02-07,10.81,11.04,10.8,10.93,41284,0
dag.us,2012-03-27,11.12,11.28,10.98,11.06,348625,0
csd.us,2011-09-07,20.066,20.467,19.981,20.402,2642,0
csd.us,2011-09-02,20.019,20.019,19.889,19.897,2447,0
dag.us,2011-10-05,10.64,10.91,10.64,10.85,90489,0
csd.us,2011-05-27,23.012,23.012,22.89,22.89,2374,0
dag.us,2011-03-11,13.39,13.85,13.25,13.65,515674,0
dag.us,2012-12-31,11.74,11.85,11.6,11.79,16655,0
bscj.us,2012-10-25,19.111,19.149,19.111,19.13,14138,0
csd.us,2011-02-16,21.945,22.03,21.936,22.03,955,0
bscj.us,2012-05-24,18.03,18.03,18.03,18.03,1336,0
csd.us,2011-03-17,21.59,21.59,21.506,21.543,2046,0
dag.us,2012-07-02,11.44,11.54,11.32,11.54,109963,0
aadr.us,2012-11-21,28.473,28.628,28.463,28.548,3610,0
aadr.us,2011-08-11,27.194,27.494,27.175,27.494,503,0
aadr.us,2010-08-27,24.333,24.487,24.188,24.487,10547,0
dag.us,2011-08-08,13.4,13.46,12.94,13.05,303099,0
dag.us,2012-07-17,13.97,14.12,13.81,13.99,197281,0
dag.us,2011-08-15,14.43,14.48,14.24,14.36,54125,0
dag.us,2011-08-24,15.76,15.83,15.29,15.39,209920,0
csd.us,2011-12-28,22.239,22.239,21.807,21.807,9881,0
aadr.us,2012-03-13,29.547,29.645,29.547,29.645,930,0
bscj.us,2012-06-20,18.188,18.263,18.188,18.263,20666,0
dag.us,2011-12-21,10.39,10.65,10.33,10.65,47378,0
dag.us,2011-03-30,14.07,14.15,13.77,13.99,261956,0
dag.us,2012-04-13,10.89,10.9,10.55,10.6,15865,0
dag.us,2012-12-06,12.79,12.8,12.64,12.8,6104,0
csd.us,2011-02-01,21.337,21.423,21.301,21.413,7685,0
aadr.us,2010-08-16,24.507,24.507,24.467,24.467,3094,0
dag.us,2012-08-16,13.58,13.88,13.58,13.72,82994,0
csd.us,2011-10-10,19.971,20.149,19.971,20.046,3595,0
aadr.us,2011-05-23,29.761,29.859,29.694,29.723,5697,0
aadr.us,2011-10-17,26.903,26.903,26.903,26.903,176,0
aadr.us,2011-08-31,28.648,28.851,28.608,28.851,1382,0
bscj.us,2012-08-09,18.575,18.575,18.575,18.575,2358,0
csd.us,2011-07-06,23.441,23.441,23.441,23.441,962,0
bscj.us,2012-06-21,18.273,18.273,18.263,18.263,2907,0
csd.us,2011-12-27,22.051,22.342,22.051,22.257,5905,0
aadr.us,2012-07-12,27.038,27.038,27.038,27.038,168,0
dag.us,2011-03-28,14.32,14.36,13.81,13.91,275226,0
dag.us,2011-08-04,14.27,14.27,13.74,13.9,389795,0
aadr.us,2012-06-27,27.029,27.085,27.029,27.085,312,0
aadr.us,2012-09-12,28.833,28.833,28.783,28.813,3248,0
aadr.us,2012-01-09,27.204,27.204,27.184,27.184,720,0
bscj.us,2012-08-30,18.752,18.752,18.635,18.635,3475,0
dag.us,2012-06-27,11.06,11.25,10.92,10.98,92757,0
bscj.us,2012-07-23,18.581,18.581,18.488,18.544,31184,0
dag.us,2011-01-11,14.14,14.15,13.86,13.93,207810,0
bscj.us,2012-07-30,18.639,18.649,18.571,18.631,6684,0
aadr.us,2012-05-02,29.557,29.557,29.557,29.557,368,0
dag.us,2011-12-08,10.5,10.75,10.32,10.62,49355,0
aadr.us,2011-04-11,30.102,30.102,30.102,30.102,482,0
dag.us,2011-08-01,14.34,14.34,13.99,14.3,241033,0
aadr.us,2012-04-03,30.47,30.47,30.442,30.442,1160,0
csd.us,2011-05-06,23.086,23.086,22.964,22.964,2310,0
bscj.us,2012-06-01,18.29,18.29,18.29,18.29,811,0
dag.us,2012-03-08,10.89,10.89,10.68,10.7,25300,0
csd.us,2011-10-19,20.599,20.608,20.29,20.3,8869,0
aadr.us,2011-11-03,27.99,28.059,27.99,28.059,542,0
aadr.us,2011-07-12,29.976,29.976,29.976,29.976,121,0
bscj.us,2012-12-11,19.283,19.292,19.264,19.292,10700,0
aadr.us,2012-06-20,27.874,27.874,27.874,27.874,101,0
dag.us,2012-12-07,12.63,12.72,12.63,12.67,4000,0
aadr.us,2010-12-28,28.754,28.754,28.678,28.688,2374,0
bscj.us,2012-07-18,18.51,18.558,18.51,18.558,16930,0
dag.us,2011-01-24,15.32,15.51,15.12,15.27,482734,0
csd.us,2011-08-30,20.711,20.945,20.701,20.85,66275,0
bscj.us,2012-08-02,18.653,18.653,18.549,18.549,56672,0
aadr.us,2010-10-18,27.912,27.912,27.912,27.912,513,0
bscj.us,2012-05-15,18.185,18.185,18.175,18.175,1362,0
aadr.us,2012-10-01,29.238,29.396,29.238,29.336,1650,0
bscj.us,2012-10-02,19.103,19.121,19.076,19.121,6270,0
dag.us,2011-02-15,16.07,16.22,15.07,15.38,1411513,0
bscj.us,2012-06-05,18.197,18.197,18.16,18.16,8951,0
bscj.us,2012-07-12,18.506,18.515,18.469,18.498,3220,0
dag.us,2012-05-23,9.09,9.21,9,9.19,45108,0
dag.us,2012-01-04,11.23,11.24,11.01,11.2,29571,0
csd.us,2011-04-21,22.835,22.835,22.713,22.787,11598,0
csd.us,2011-08-31,20.942,20.942,20.64,20.781,29079,0
aadr.us,2012-09-04,28.358,28.358,28.096,28.096,618,0
csd.us,2011-01-03,21.384,21.552,21.375,21.534,1664,0
dag.us,2011-01-27,15.64,15.7,15.4,15.57,409519,0
aadr.us,2010-08-09,25.207,25.429,25.207,25.265,5620,0
dag.us,2012-11-16,11.72,11.82,11.6,11.77,17600,0
csd.us,2011-02-25,22.207,22.253,22.207,22.253,531,0
dag.us,2011-08-03,14.6,14.66,14.33,14.56,137540,0
csd.us,2011-08-29,20.317,20.805,20.309,20.805,1393,0
dag.us,2012-03-22,10.86,11,10.8,10.98,84526,0
aadr.us,2010-08-06,24.537,24.926,24.537,24.926,720,0
aadr.us,2011-05-12,30.16,30.46,30.16,30.46,618,0
aadr.us,2010-11-02,28.135,28.135,28.135,28.135,206,0
dag.us,2011-09-22,13,13.5,12.55,12.95,400582,0
aadr.us,2011-08-12,27.019,27.903,27.019,27.776,2186,0
aadr.us,2012-04-18,29.694,29.694,29.615,29.615,523,0
aadr.us,2011-02-18,29.78,29.859,29.78,29.859,1133,0
bscj.us,2012-09-25,18.97,18.97,18.924,18.96,26171,0
aadr.us,2010-08-17,24.789,24.966,24.789,24.966,6704,0
dag.us,2011-08-11,13.94,14.38,13.82,14.24,341608,0
dag.us,2011-09-07,15.7,15.77,15.25,15.35,106724,0
dag.us,2011-03-08,15.26,15.45,15.12,15.37,468639,0
bscj.us,2012-12-17,19.199,19.236,19.146,19.162,18236,0
aadr.us,2012-05-08,28.358,28.358,28.174,28.184,930,0
dag.us,2011-12-29,10.61,10.8,10.61,10.8,43672,0
dag.us,2012-04-30,10.21,10.33,10.11,10.3,48760,0
csd.us,2011-01-04,21.497,21.497,21.234,21.319,6249,0
dag.us,2012-09-10,14.28,14.41,14,14.06,39809,0
aadr.us,2010-11-01,28.039,28.039,28.039,28.039,458,0
dag.us,2011-09-28,12.68,12.99,12.05,12.09,125836,0
csd.us,2011-06-10,22.132,22.132,21.851,21.851,672,0
aadr.us,2011-02-28,29.596,29.596,29.547,29.567,2151,0
csd.us,2011-03-23,22.002,22.338,22.002,22.329,3095,0
dag.us,2012-11-08,12.73,12.8,12.66,12.66,11016,0
dag.us,2012-03-19,11.48,11.48,11.25,11.26,114435,0
dag.us,2012-10-09,13,13.02,12.85,12.89,21952,0
aadr.us,2012-04-25,29.346,29.376,29.326,29.376,1751,0
dag.us,2012-02-14,10.71,10.71,10.54,10.55,18735,0
bscj.us,2012-09-18,18.844,18.844,18.806,18.834,9027,0
bscj.us,2012-12-28,19.288,19.288,19.231,19.26,489718,0
aadr.us,2011-04-01,29.986,30.093,29.956,30.093,1650,0
dag.us,2011-11-07,11.6,11.8,11.5,11.62,64128,0
dag.us,2011-04-18,14.23,14.65,14.01,14.6,385942,0
dag.us,2011-10-10,10.91,11.86,10.91,11.25,381375,0
csd.us,2011-02-08,21.534,21.674,21.534,21.674,940,0
aadr.us,2012-09-18,29.045,29.045,29.045,29.045,101,0
csd.us,2011-03-09,22.132,22.227,22.132,22.207,6499,0
aadr.us,2011-01-14,29.015,29.035,28.968,29.035,1929,0
aadr.us,2010-08-13,24.401,24.401,24.401,24.401,101,0
aadr.us,2012-08-07,28.415,28.415,28.415,28.415,411,0
bscj.us,2012-04-10,18.017,18.017,18.017,18.017,100,0
aadr.us,2011-04-19,29.684,29.986,29.684,29.976,1288,0
bscj.us,2012-10-11,19.085,19.14,19.066,19.14,19562,0
csd.us,2011-12-01,21.609,21.73,21.543,21.693,4613,0
csd.us,2011-10-05,19.316,19.392,19.187,19.364,31513,0
bscj.us,2012-10-09,19.047,19.066,19.047,19.066,458,0
aadr.us,2011-03-17,28.203,28.212,28.135,28.135,886,0
bscj.us,2012-11-07,19.311,19.311,19.217,19.246,7285,0
csd.us,2011-01-19,21.515,21.534,21.234,21.234,1879,0
aadr.us,2011-11-02,27.639,27.639,27.639,27.639,411,0
csd.us,2011-08-11,19.27,19.504,19.213,19.504,1054,0
aadr.us,2011-10-14,27.262,27.262,27.262,27.262,206,0
csd.us,2011-04-11,22.777,22.777,22.543,22.543,1490,0
aadr.us,2012-10-02,29.132,29.132,28.803,28.803,206,0
aadr.us,2011-12-12,27.242,27.552,26.923,27.105,1341,0
bscj.us,2012-05-21,18.039,18.039,18.03,18.03,3881,0
aadr.us,2011-11-11,27.903,27.903,27.649,27.649,638,0
dag.us,2011-08-30,16.2,16.4,16.03,16.31,250700,0
csd.us,2011-04-08,23.106,23.106,22.732,22.732,2736,0
dag.us,2011-07-25,14.45,14.48,14.11,14.39,301096,0
dag.us,2011-12-23,10.6,10.6,10.47,10.52,26295,0
dag.us,2011-05-09,13.31,13.7,13.15,13.68,318874,0
csd.us,2011-11-14,21.58,21.58,21.281,21.281,5847,0
csd.us,2011-04-12,22.516,22.516,22.469,22.469,459,0
csd.us,2011-04-19,22.376,22.44,22.292,22.385,3408,0
bscj.us,2012-08-17,18.539,18.539,18.51,18.539,1087,0
aadr.us,2012-05-15,27.834,27.834,27.834,27.834,124,0
dag.us,2011-09-08,15.2,15.4,15,15.13,227764,0
dag.us,2012-09-14,14.16,14.72,14.08,14.46,301048,0
dag.us,2011-06-15,14.27,14.42,13.73,13.88,274366,0
aadr.us,2011-05-05,30.345,30.527,30.256,30.527,1620,0
dag.us,2012-06-20,9.8,10.02,9.72,9.99,28279,0
dag.us,2012-11-29,12.7,12.7,12.57,12.64,25650,0
dag.us,2012-11-27,12.41,12.65,12.41,12.62,28024,0
aadr.us,2011-01-26,29.376,29.376,29.306,29.306,318,0
csd.us,2011-06-15,21.936,21.983,21.73,21.73,4363,0
aadr.us,2011-08-10,26.574,26.574,26.574,26.574,130,0
dag.us,2012-05-24,9.42,9.42,9.06,9.17,14125,0
dag.us,2011-11-04,11.73,11.82,11.57,11.65,31420,0
csd.us,2011-02-22,22.095,22.095,22.076,22.076,590,0
dag.us,2012-11-21,12.3,12.36,12.21,12.22,57580,0
dag.us,2011-12-01,10.33,10.44,10.33,10.39,37960,0
dag.us,2012-04-11,10.65,10.89,10.65,10.7,29659,0
bscj.us,2012-07-17,18.502,18.576,18.436,18.436,69768,0
aadr.us,2010-11-30,27.514,27.514,27.436,27.436,1856,0
csd.us,2011-12-16,21.214,21.289,21.214,21.289,3247,0
aadr.us,2011-07-27,30.093,30.345,30.093,30.14,1597,0
bscj.us,2012-08-27,18.732,18.732,18.699,18.732,1918,0
aadr.us,2011-07-14,30.325,30.325,29.743,29.887,2471,0
dag.us,2012-12-21,11.66,11.91,11.66,11.85,17995,0
csd.us,2011-04-01,22.964,22.964,22.881,22.899,1540,0
dag.us,2012-11-23,12.19,12.22,12.09,12.22,6066,0
aadr.us,2011-10-28,28.851,28.851,28.716,28.851,309,0
csd.us,2011-09-29,19.653,19.653,19.187,19.532,40197,0
csd.us,2011-10-17,20.589,20.589,20.345,20.345,4316,0
aadr.us,2010-12-30,28.928,28.928,28.745,28.823,9629,0
aadr.us,2011-04-05,30.13,30.13,30.13,30.13,196,0
aadr.us,2011-06-15,29.519,29.519,29.519,29.519,309,0
dag.us,2011-06-09,15.12,15.46,14.98,15.09,432728,0
csd.us,2011-02-03,21.291,21.346,21.291,21.337,2125,0
dag.us,2011-12-22,10.59,10.64,10.5,10.55,32368,0
csd.us,2011-03-08,22.329,22.329,22.253,22.253,527,0
dag.us,2012-06-22,9.95,10.05,9.69,9.73,84447,0
dag.us,2011-10-31,11.88,11.96,11.8,11.8,32491,0
dag.us,2011-10-27,12.19,12.42,12.13,12.3,240622,0
dag.us,2012-01-17,10.29,10.4,10.29,10.29,21939,0
aadr.us,2012-01-04,27.708,27.854,27.708,27.776,423,0
csd.us,2011-09-15,20.439,20.486,20.439,20.486,786,0
aadr.us,2011-06-09,30.256,30.256,30.256,30.256,618,0
bscj.us,2012-08-24,18.718,18.718,18.701,18.701,1778,0
aadr.us,2012-11-30,29.509,29.557,29.509,29.537,411,0
aadr.us,2012-03-28,30.226,30.226,30.054,30.054,437,0
aadr.us,2011-03-10,29.297,29.297,29.075,29.075,257,0
csd.us,2011-01-13,21.366,21.366,21.281,21.281,1928,0
dag.us,2012-04-04,11.04,11.14,10.98,11.07,45602,0
dag.us,2012-01-19,10.33,10.38,10.21,10.35,36028,0
aadr.us,2011-12-22,27.085,27.115,27.019,27.048,5326,0
dag.us,2011-06-21,13.97,14.18,13.93,14.16,225092,0
aadr.us,2012-02-07,29.035,29.035,29.035,29.035,309,0
dag.us,2012-02-16,10.4,10.56,10.4,10.5,8760,0
csd.us,2011-02-07,21.497,21.721,21.497,21.618,6330,0
csd.us,2011-02-24,21.758,21.945,21.664,21.926,5710,0
csd.us,2011-05-13,23.31,23.31,23.096,23.218,2560,0
aadr.us,2011-12-01,27.824,27.824,27.824,27.824,206,0
dag.us,2012-10-18,12.68,12.93,12.67,12.9,78212,0
dag.us,2012-02-15,10.53,10.58,10.4,10.43,44919,0
dag.us,2011-12-16,9.9,9.96,9.85,9.92,28622,0
dag.us,2012-05-10,9.36,9.53,9.22,9.25,155669,0
aadr.us,2011-05-16,30.286,30.286,30.286,30.286,186,0
csd.us,2011-09-28,19.934,19.954,19.392,19.392,5528,0
aadr.us,2012-05-24,27.223,27.223,27.223,27.223,201,0
csd.us,2011-04-29,23.309,23.414,23.309,23.394,3680,0
aadr.us,2011-01-05,28.928,28.988,28.888,28.918,14445,0
aadr.us,2010-09-09,25.708,25.708,25.708,25.708,824,0
aadr.us,2011-05-11,30.335,30.335,30.14,30.14,1460,0
dag.us,2012-04-24,10.27,10.38,10.2,10.23,19001,0
dag.us,2011-07-26,14.57,14.79,14.46,14.69,330206,0
aadr.us,2010-12-23,28.678,28.773,28.522,28.648,3289,0
dag.us,2011-08-12,14.17,14.39,14.09,14.13,167192,0
aadr.us,2011-10-27,28.288,28.716,28.258,28.716,67325,0
bscj.us,2012-07-24,18.558,18.62,18.53,18.62,93157,0
aadr.us,2012-01-24,27.999,27.999,27.999,27.999,391,0
dag.us,2011-08-31,16.35,16.49,16.21,16.36,129496,0
aadr.us,2011-04-06,30.49,30.49,30.197,30.226,1341,0
dag.us,2011-09-14,14.59,14.67,14.42,14.59,94981,0
aadr.us,2012-03-09,29.491,29.509,29.434,29.462,1103,0
dag.us,2012-11-02,12.7,12.7,12.56,12.62,9388,0
dag.us,2012-10-17,12.52,12.63,12.49,12.63,12717,0
dag.us,2011-11-17,10.77,10.93,10.4,10.51,152540,0
aadr.us,2011-08-04,28.532,28.532,27.97,27.97,909,0
aadr.us,2011-03-22,28.898,28.898,28.898,28.898,206,0
aadr.us,2012-01-06,27.145,27.194,27.095,27.095,5929,0
bscj.us,2012-05-22,18,18,18,18,436,0
csd.us,2011-06-03,22.553,22.601,22.414,22.46,1466,0
dag.us,2012-11-09,12.55,12.7,12.5,12.52,81002,0
bscj.us,2012-08-07,18.645,18.645,18.61,18.61,8301,0
aadr.us,2011-10-05,25.109,25.109,25.109,25.109,101,0
dag.us,2011-04-05,15.51,15.61,15.3,15.42,548180,0
aadr.us,2011-05-27,30.557,30.557,30.557,30.557,340,0
bscj.us,2012-08-16,18.509,18.509,18.509,18.509,1944,0
dag.us,2011-03-21,14.27,14.39,13.83,14.12,468115,0
dag.us,2011-10-24,12.13,12.14,11.86,12.08,88234,0
dag.us,2011-02-18,16,16.18,15.44,15.74,452736,0
dag.us,2011-07-12,13.36,13.9,13.16,13.79,530175,0
aadr.us,2011-08-17,28.288,28.288,28.078,28.115,1751,0
dag.us,2011-05-31,14.84,14.87,14.25,14.56,228886,0
aadr.us,2011-07-11,30.216,30.216,30.216,30.216,101,0
aadr.us,2010-09-07,25.429,25.429,25.429,25.429,101,0
dag.us,2012-07-20,14.55,14.75,14.43,14.73,222169,0
aadr.us,2012-09-11,28.754,28.793,28.754,28.793,387,0
dag.us,2012-12-05,12.5,12.83,12.5,12.83,24506,0
aadr.us,2011-11-08,27.844,28.145,27.844,28.135,975,0
dag.us,2011-11-11,11.3,11.32,10.9,10.99,74156,0
csd.us,2011-11-07,21.375,21.403,21.122,21.384,5263,0
dag.us,2011-09-16,14.09,14.18,13.75,13.78,142389,0
csd.us,2011-08-01,22.151,22.236,22.067,22.236,2468,0
csd.us,2011-07-26,22.872,22.984,22.872,22.984,1561,0
dag.us,2012-02-22,10.59,10.83,10.59,10.81,27203,0
dag.us,2012-08-23,14.66,14.83,14.2,14.29,105855,0
dag.us,2012-02-09,10.9,11,10.71,10.75,85671,0
bscj.us,2012-10-12,19.156,19.183,19.14,19.183,6938,0
dag.us,2012-10-08,12.72,12.84,12.72,12.79,34300,0
dag.us,2012-08-24,14.23,14.47,14.16,14.35,34901,0
aadr.us,2011-11-28,26.399,26.399,26.399,26.399,411,0
aadr.us,2011-02-09,29.376,29.376,29.278,29.278,824,0
csd.us,2011-08-25,19.615,19.615,19.55,19.55,1172,0
dag.us,2012-11-26,12.3,12.33,12.22,12.29,5210,0
aadr.us,2012-02-15,29.189,29.248,29.189,29.248,930,0
aadr.us,2011-05-02,31.148,31.206,31.138,31.206,508,0
bscj.us,2012-12-03,19.236,19.283,19.226,19.264,13963,0
aadr.us,2011-01-10,28.568,28.745,28.473,28.745,34155,0
dag.us,2011-07-20,14.59,14.59,14.28,14.41,287118,0
dag.us,2012-03-30,10.66,11.12,10.61,11.11,164038,0
aadr.us,2010-07-27,24.477,24.517,24.431,24.517,8456,0
dag.us,2012-11-13,12.2,12.21,11.91,12.03,43192,0
bscj.us,2012-08-28,18.732,18.741,18.708,18.725,9105,0
csd.us,2011-02-10,21.6,21.609,21.6,21.609,1193,0
csd.us,2011-12-19,21.356,21.487,21.122,21.15,5955,0
aadr.us,2012-06-15,27.272,27.272,27.252,27.252,1441,0
dag.us,2012-10-02,12.82,12.96,12.74,12.91,27664,0
csd.us,2011-06-17,21.851,21.918,21.851,21.88,3577,0
aadr.us,2010-11-18,27.659,27.659,27.659,27.659,101,0
csd.us,2011-01-25,21.011,21.132,21.001,21.132,3978,0
dag.us,2011-07-19,14.66,14.77,14.3,14.42,230583,0
csd.us,2011-09-26,19.299,19.476,19.299,19.476,2458,0
dag.us,2012-11-30,12.57,12.59,12.44,12.48,17198,0
aadr.us,2012-11-01,28.948,29.278,28.948,29.278,1067,0
dag.us,2012-05-09,9.52,9.52,9.3,9.31,148783,0
csd.us,2011-02-23,21.562,21.6,21.497,21.59,2312,0
dag.us,2011-09-09,15.1,15.15,14.88,15.09,163131,0
bscj.us,2012-04-11,17.913,18.009,17.913,17.991,3178,0
dag.us,2011-05-17,12.91,13.59,12.81,13.58,626541,0
aadr.us,2012-07-25,26.846,26.846,26.846,26.846,101,0
aadr.us,2010-08-31,24.527,24.567,24.507,24.567,1057,0
csd.us,2011-01-31,20.999,21.045,20.885,21.016,39361,0
aadr.us,2012-01-30,27.824,28.009,27.824,28.009,471,0
csd.us,2011-05-19,23.096,23.161,23.012,23.152,3855,0
csd.us,2011-08-02,21.908,21.993,21.749,21.749,960,0
aadr.us,2012-04-26,29.376,29.434,29.376,29.434,1136,0
dag.us,2011-08-09,13.4,13.78,12.89,13.43,295847,0
aadr.us,2012-03-05,29.278,29.278,29.278,29.278,568,0
aadr.us,2012-10-31,28.938,28.938,28.938,28.938,824,0
aadr.us,2012-12-11,30.063,30.063,29.976,29.976,206,0
aadr.us,2010-09-17,26.389,26.408,26.389,26.408,568,0
dag.us,2011-08-10,13.5,13.5,13.25,13.3,176232,0
dag.us,2011-04-26,15.28,15.42,15.06,15.17,179799,0
dag.us,2011-11-28,9.94,10.03,9.85,10,58418,0
dag.us,2011-06-27,12.66,12.87,12.5,12.81,278351,0
csd.us,2011-09-13,19.737,19.934,19.737,19.934,453,0
aadr.us,2012-04-17,29.694,29.733,29.694,29.733,339,0
dag.us,2011-08-29,16.31,16.44,16.11,16.41,265520,0
csd.us,2011-01-14,21.309,21.43,21.309,21.43,3053,0
csd.us,2011-10-25,21.028,21.067,20.954,20.954,4662,0
dag.us,2012-04-27,10,10.31,10,10.19,34884,0
aadr.us,2010-10-25,28.783,28.783,28.278,28.288,3958,0
aadr.us,2011-06-20,29.085,29.297,29.015,29.248,2755,0
dag.us,2011-01-18,14.67,14.97,14.6,14.85,575057,0
aadr.us,2012-01-17,27.572,27.572,27.572,27.572,206,0
aadr.us,2010-12-07,28.54,28.54,28.473,28.473,10730,0
csd.us,2011-04-07,23.012,23.031,22.955,23.002,14143,0
csd.us,2011-05-03,23.208,23.273,23.116,23.142,1844,0
dag.us,2012-12-17,12.3,12.32,12.12,12.25,15210,0
dag.us,2012-09-28,12.79,13.31,12.74,13.17,86318,0
dag.us,2011-03-15,12.66,12.75,11.92,12.11,1294641,0
csd.us,2011-09-21,20.113,20.113,19.954,19.954,928,0
csd.us,2011-04-27,23.002,23.208,22.984,23.161,25970,0
dag.us,2012-04-17,10.32,10.41,10.25,10.34,53910,0
aadr.us,2011-12-27,27.165,27.184,27.105,27.175,5791,0
aadr.us,2011-03-02,29.416,29.416,29.416,29.416,10318,0
aadr.us,2012-10-26,28.958,28.958,28.908,28.938,3527,0
dag.us,2012-08-13,13.69,13.69,13.4,13.43,159650,0
aadr.us,2012-09-27,28.706,29.141,28.706,29.141,1524,0
csd.us,2011-01-11,21.244,21.253,21.244,21.244,525,0
aadr.us,2012-10-24,28.803,28.803,28.803,28.803,177,0
dag.us,2012-05-25,9.3,9.33,9.18,9.22,168321,0
csd.us,2011-01-26,21.346,21.403,21.346,21.384,1108,0
csd.us,2011-08-26,19.991,19.991,19.944,19.961,1756,0
dag.us,2012-03-01,11.27,11.51,11.26,11.49,49801,0
csd.us,2011-12-08,22.032,22.032,21.514,21.514,16668,0
aadr.us,2010-10-04,27.874,27.874,27.145,27.194,22136,0
aadr.us,2011-02-08,29.625,29.625,29.306,29.306,930,0
aadr.us,2011-07-29,29.704,29.704,29.704,29.704,101,0
aadr.us,2012-12-27,29.951,30.211,29.853,29.941,8134,0
csd.us,2011-05-10,23.198,23.339,23.181,23.31,4461,0
dag.us,2011-11-25,9.73,9.84,9.6,9.69,16975,0
bscj.us,2012-09-19,18.878,18.878,18.852,18.869,15358,0
dag.us,2011-02-22,15.4,15.47,14.11,14.12,1539315,0
aadr.us,2010-08-02,24.916,24.926,24.664,24.839,7161,0
dag.us,2011-01-26,15.21,15.65,15.04,15.61,450155,0
bscj.us,2012-06-15,18.188,18.198,18.188,18.198,6539,0
aadr.us,2010-09-28,27.223,27.397,27.223,27.36,7428,0
aadr.us,2012-09-14,29.529,29.529,29.529,29.529,512,0
aadr.us,2012-11-20,28.568,28.568,28.558,28.558,647,0
aadr.us,2010-10-01,27.436,27.436,27.436,27.436,5158,0
dag.us,2011-09-12,14.85,15.32,14.77,15.15,142989,0
dag.us,2012-06-15,8.98,9.04,8.86,8.88,26321,0
dag.us,2012-07-18,13.81,14.23,13.81,14.22,104762,0
dag.us,2012-07-26,14.05,14.05,13.5,13.58,173718,0
dag.us,2011-05-04,13.92,13.98,13.53,13.69,510973,0
aadr.us,2011-10-25,27.252,27.252,27.252,27.252,118,0
aadr.us,2012-06-19,28.049,28.049,28.019,28.019,309,0
csd.us,2011-11-22,20.673,20.729,20.626,20.673,3256,0
bscj.us,2012-10-01,19.085,19.085,19.022,19.075,4228,0
aadr.us,2011-06-16,29.5,29.5,29.045,29.199,930,0
dag.us,2011-07-14,14.37,14.46,14.06,14.29,285049,0
csd.us,2011-10-28,21.562,21.6,21.525,21.59,1699,0
aadr.us,2012-03-29,29.829,29.829,29.819,29.819,433,0
dag.us,2011-07-21,14.48,14.54,14.11,14.34,147581,0
csd.us,2011-06-23,21.842,21.861,21.796,21.842,1588,0
dag.us,2011-12-07,10.51,10.61,10.3,10.52,62095,0
bscj.us,2012-09-13,18.78,18.806,18.734,18.762,19091,0
aadr.us,2011-04-18,29.326,29.326,29.326,29.326,201,0
aadr.us,2010-12-31,28.823,28.997,28.726,28.928,17834,0
csd.us,2011-01-18,21.468,21.552,21.468,21.552,3987,0
aadr.us,2011-02-23,29.326,29.326,29.035,29.094,3416,0
aadr.us,2010-10-06,27.874,27.874,27.639,27.698,4961,0
bscj.us,2012-08-21,18.529,18.529,18.482,18.482,4521,0
csd.us,2011-12-29,22.107,22.126,22.004,22.126,6813,0
bscj.us,2012-05-18,17.982,18.009,17.973,18.009,10194,0
bscj.us,2012-07-26,18.667,18.667,18.623,18.658,10952,0
aadr.us,2010-09-14,26.312,26.35,26.312,26.312,1244,0
csd.us,2011-02-02,21.366,21.375,21.356,21.366,1440,0
bscj.us,2012-12-21,19.171,19.217,19.146,19.209,22637,0
bscj.us,2012-11-28,19.286,19.286,19.258,19.268,3011,0
aadr.us,2011-08-24,27.533,27.533,27.252,27.252,262,0
bscj.us,2012-07-27,18.601,18.618,18.538,18.538,4903,0
aadr.us,2010-09-24,26.933,27.076,26.933,27.076,15988,0
csd.us,2011-09-20,20.505,20.505,20.215,20.215,540,0
dag.us,2011-10-04,10.32,10.68,10.28,10.45,145017,0
aadr.us,2010-10-14,28.24,28.24,27.893,28.078,3851,0
aadr.us,2011-02-01,29.443,29.443,29.376,29.376,1441,0
aadr.us,2010-11-11,28.039,28.106,28.039,28.106,316,0
dag.us,2011-04-11,15.39,15.46,15.18,15.22,260004,0
dag.us,2011-09-29,12.04,12.42,12.02,12.31,125292,0
bscj.us,2012-11-26,19.193,19.203,19.183,19.193,11067,0
dag.us,2011-03-10,14.34,14.38,13.83,13.95,867524,0
csd.us,2011-02-18,22.319,22.319,22.282,22.282,642,0
bscj.us,2012-04-04,17.903,17.913,17.886,17.913,37626,0
csd.us,2011-03-21,21.936,22.011,21.936,22.011,1529,0
bscj.us,2012-10-18,19.165,19.165,19.102,19.14,9795,0
csd.us,2011-01-07,21.114,21.114,21.067,21.104,891,0
bscj.us,2012-10-03,19.057,19.111,19.057,19.103,7497,0
dag.us,2011-08-05,13.92,14.01,13.64,13.99,288540,0
aadr.us,2010-10-28,27.893,27.893,27.893,27.893,206,0
dag.us,2012-12-14,12.11,12.23,12.09,12.22,17003,0
bscj.us,2012-10-15,19.183,19.183,19.183,19.183,149,0
dag.us,2012-01-24,10.58,10.87,10.58,10.81,38861,0
dag.us,2011-11-18,10.5,10.59,10.35,10.46,53888,0
aadr.us,2011-07-25,30.46,30.597,30.404,30.597,2268,0
dag.us,2011-03-23,14.04,14.14,13.79,13.84,237038,0
bscj.us,2012-10-10,19.066,19.111,19.066,19.066,2700,0
dag.us,2011-06-08,14.31,15.02,14.31,14.88,282526,0
aadr.us,2011-09-26,25.216,25.381,25.216,25.381,1401,0
csd.us,2011-09-08,20.158,20.178,20.046,20.168,1703,0
aadr.us,2011-11-15,27.62,27.668,27.62,27.668,720,0
aadr.us,2011-12-21,26.806,26.923,26.65,26.923,16067,0
aadr.us,2010-10-07,27.718,27.718,27.523,27.523,3457,0
dag.us,2012-07-10,13,13.14,12.89,12.93,188101,0
aadr.us,2011-04-29,30.974,31.014,30.974,31.014,414,0
csd.us,2011-06-14,21.861,22.115,21.861,22.115,1401,0
aadr.us,2011-09-09,27.476,27.649,27.311,27.311,9047,0
bscj.us,2012-07-02,18.369,18.369,18.253,18.36,19755,0
dag.us,2011-10-13,12.01,12.05,11.67,11.75,71474,0
aadr.us,2010-07-23,24.759,24.759,24.314,24.507,8897,0
dag.us,2011-03-17,12.7,13.53,12.7,13.4,807677,0
aadr.us,2011-03-08,29.443,29.714,29.426,29.694,12252,0
csd.us,2011-11-08,21.478,21.628,21.262,21.628,7682,0
bscj.us,2012-11-08,19.226,19.236,19.217,19.236,4411,0
csd.us,2011-10-24,20.85,21.301,20.832,21.244,3719,0
csd.us,2011-05-17,22.601,22.835,22.601,22.722,7412,0
csd.us,2011-02-04,21.384,21.393,21.384,21.393,4428,0
dag.us,2012-04-26,10.23,10.29,10.04,10.13,40285,0
bscj.us,2012-04-24,18.059,18.086,18.059,18.059,2040,0
dag.us,2011-10-28,12.2,12.38,12,12.2,169743,0
dag.us,2012-06-18,9,9.26,9,9.22,21331,0
aadr.us,2012-09-19,28.997,29.356,28.997,29.306,2606,0
aadr.us,2012-02-08,28.968,29.113,28.851,28.888,10871,0
bscj.us,2012-10-23,19.136,19.153,19.127,19.153,11230,0
dag.us,2011-07-15,14.5,14.72,14.15,14.31,160244,0
dag.us,2012-08-08,13.56,14,13.45,13.94,106539,0
csd.us,2011-07-27,22.647,22.685,22.543,22.543,5626,0
csd.us,2011-08-17,20.262,20.336,20.066,20.196,6424,0
aadr.us,2012-08-09,28.842,28.842,28.483,28.483,283,0
dag.us,2011-06-30,12.75,12.79,12.05,12.12,1121217,0
bscj.us,2012-07-16,18.553,18.553,18.553,18.553,2218,0
aadr.us,2011-09-06,27.204,28.433,27.125,27.397,58652,0
dag.us,2012-10-03,12.81,13.08,12.68,12.97,43911,0
dag.us,2011-05-13,13.17,13.31,12.7,12.81,201477,0
dag.us,2012-01-20,10.3,10.43,10.24,10.43,31706,0
dag.us,2012-06-06,8.79,9.02,8.79,9.01,42166,0
aadr.us,2012-11-07,29.085,29.085,28.833,28.833,4048,0
dag.us,2012-08-20,14,14.39,13.99,14.37,93859,0
csd.us,2011-03-28,22.703,22.703,22.619,22.619,2456,0
dag.us,2012-04-25,10.5,10.5,10.26,10.29,18616,0
aadr.us,2011-02-25,29.248,29.306,29.248,29.306,9604,0
dag.us,2012-12-24,11.92,11.96,11.84,11.84,16274,0
aadr.us,2012-08-28,28.358,28.358,28.358,28.358,101,0
dag.us,2011-04-12,15.09,15.19,14.04,14.32,655851,0
aadr.us,2011-09-15,27.514,27.63,27.436,27.63,86953,0
aadr.us,2011-02-22,29.753,29.753,29.179,29.179,14569,0
bscj.us,2012-12-27,19.26,19.269,19.231,19.241,17533,0
csd.us,2011-08-16,20.327,20.327,20.233,20.233,1074,0
dag.us,2012-12-19,12.28,12.33,11.98,12,34258,0
dag.us,2012-01-26,11,11.08,10.92,11.02,54273,0
aadr.us,2012-07-06,27.698,27.698,27.639,27.639,558,0
dag.us,2012-10-31,12.57,12.82,12.55,12.81,49729,0
dag.us,2011-10-11,11.31,12.29,11.22,12.17,211981,0
bscj.us,2012-12-31,19.293,19.293,19.188,19.208,17363,0
csd.us,2011-05-05,22.964,22.964,22.759,22.769,4207,0
dag.us,2012-05-08,9.68,9.7,9.5,9.53,48371,0
dag.us,2011-06-28,13.17,13.48,13.1,13.45,260221,0
bscj.us,2012-05-23,18.049,18.059,18.039,18.059,4906,0
dag.us,2011-09-20,13.9,14.12,13.85,13.89,98791,0
csd.us,2011-12-30,22.163,22.163,22.088,22.107,7893,0
dag.us,2012-01-12,10.62,10.62,10.14,10.29,137982,0
dag.us,2012-07-24,13.77,13.84,13,13.66,672174,0
dag.us,2012-09-26,12.85,12.9,12.48,12.56,74943,0
csd.us,2011-07-08,23.48,23.666,23.451,23.666,4003,0
dag.us,2012-09-25,13.27,13.33,13.03,13.14,51008,0
dag.us,2012-01-06,10.77,10.8,10.5,10.52,52825,0
bscj.us,2012-05-29,18.077,18.095,18.077,18.095,9172,0
aadr.us,2012-01-18,27.874,27.874,27.874,27.874,411,0
aadr.us,2012-11-09,28.502,28.502,28.502,28.502,206,0
csd.us,2011-06-08,22.048,22.076,21.973,21.973,1673,0
dag.us,2012-05-16,9,9.49,8.97,9.45,64604,0
aadr.us,2011-02-24,29.045,29.045,29.045,29.045,513,0
aadr.us,2010-09-30,27.504,27.504,27.34,27.35,5076,0
aadr.us,2011-07-05,30.745,30.848,30.705,30.848,904,0
aadr.us,2010-10-21,28.019,28.155,28.019,28.155,436,0
csd.us,2011-08-24,19.822,19.822,19.691,19.691,1710,0
aadr.us,2011-09-01,28.745,28.793,28.745,28.793,206,0
csd.us,2011-08-10,19.532,19.579,19.205,19.486,5597,0
aadr.us,2011-09-02,28.106,28.106,28.106,28.106,1133,0
aadr.us,2010-08-19,24.966,24.966,24.966,24.966,513,0
csd.us,2011-03-25,22.685,22.769,22.685,22.685,1925,0
dag.us,2011-02-28,15.25,15.57,15.15,15.54,375764,0
aadr.us,2012-12-26,29.971,30.078,29.902,29.902,2678,0
bscj.us,2012-09-07,18.852,18.852,18.77,18.797,5664,0
dag.us,2011-04-21,14.84,15.19,14.62,15.12,318446,0
aadr.us,2011-10-13,26.806,26.806,26.806,26.806,411,0
dag.us,2012-09-06,14.22,14.33,14.07,14.22,89194,0
aadr.us,2011-08-29,28.415,28.415,28.415,28.415,513,0
aadr.us,2012-01-31,28.155,28.155,28.155,28.155,360,0
aadr.us,2011-03-28,29.406,29.406,29.199,29.199,206,0
bscj.us,2012-12-05,19.33,19.33,19.274,19.301,9414,0
dag.us,2011-11-08,11.78,12.02,11.68,11.95,46902,0
aadr.us,2012-05-23,27.105,27.105,27.085,27.085,3608,0
bscj.us,2012-07-31,18.667,18.676,18.63,18.648,17539,0
dag.us,2011-02-09,16.6,16.9,16.3,16.59,847293,0
dag.us,2011-03-29,13.97,14.3,13.88,14.09,292385,0
bscj.us,2012-05-17,18.133,18.133,18.049,18.133,4724,0
bscj.us,2012-04-20,18.059,18.067,18.059,18.067,1336,0
dag.us,2012-08-15,13.46,13.7,13.43,13.68,155558,0
aadr.us,2011-06-21,29.576,29.714,29.519,29.714,411,0
dag.us,2011-05-26,14.63,14.98,14.6,14.84,255642,0
csd.us,2011-05-18,22.703,23.106,22.703,23.086,2130,0
dag.us,2012-10-16,12.49,12.6,12.4,12.46,32885,0
bscj.us,2012-07-10,18.506,18.506,18.459,18.459,2691,0
bscj.us,2012-04-05,17.939,17.939,17.939,17.939,1900,0
dag.us,2012-07-25,14.16,14.25,14.04,14.05,130582,0
aadr.us,2011-07-21,30.179,30.315,30.179,30.266,1391,0
bscj.us,2012-10-22,19.13,19.165,19.13,19.13,4822,0
dag.us,2011-10-18,11.7,12.17,11.62,12.1,28672,0
aadr.us,2012-12-31,30.107,30.107,29.853,29.853,512,0
aadr.us,2011-07-13,30.246,30.246,30.246,30.246,309,0
dag.us,2012-10-11,13.04,13.28,12.98,13.23,54644,0
dag.us,2011-12-12,10.21,10.3,10,10.11,41141,0
bscj.us,2012-08-29,18.742,18.742,18.61,18.62,4227,0
aadr.us,2010-09-13,26.039,26.244,26.039,26.244,216,0
csd.us,2011-05-23,22.581,22.722,22.581,22.722,4244,0
dag.us,2012-09-18,13.35,13.48,13.06,13.12,141837,0
dag.us,2011-06-20,13.56,13.9,13.56,13.8,295702,0
aadr.us,2011-12-20,26.777,26.806,26.737,26.806,1345,0
bscj.us,2012-10-08,19.047,19.057,19.047,19.057,1654,0
dag.us,2011-12-28,10.83,10.86,10.6,10.7,53150,0
aadr.us,2010-09-29,27.397,27.456,27.369,27.456,103201,0
dag.us,2012-01-18,10.25,10.38,10.11,10.16,30562,0
dag.us,2011-11-30,10.37,10.54,10.25,10.33,65656,0
aadr.us,2010-07-21,24.333,24.333,23.946,23.946,43321,0
bscj.us,2012-10-31,19.243,19.261,19.243,19.251,4542,0
aadr.us,2011-04-27,30.452,30.715,30.452,30.715,5682,0
dag.us,2012-08-17,13.83,14,13.81,13.92,63453,0
aadr.us,2012-04-10,28.948,28.997,28.948,28.997,930,0
bscj.us,2012-04-26,18.086,18.086,18.086,18.086,2287,0
csd.us,2011-10-04,18.343,19.167,18.241,19.167,39095,0
csd.us,2011-10-03,19.232,19.232,18.614,18.614,2552,0
aadr.us,2012-02-22,29.482,29.482,29.482,29.482,217,0
aadr.us,2011-02-14,29.306,29.316,29.306,29.316,226,0
dag.us,2012-01-23,10.43,10.63,10.43,10.63,55619,0
bscj.us,2012-06-19,18.253,18.253,18.253,18.253,1231,0
aadr.us,2012-07-18,27.331,27.331,27.331,27.331,1133,0
dag.us,2012-10-10,12.88,12.88,12.73,12.77,38303,0
dag.us,2012-10-05,12.83,12.94,12.78,12.84,17700,0
bscj.us,2012-12-07,19.321,19.321,19.274,19.292,12649,0
csd.us,2011-08-23,19.672,19.672,19.607,19.635,1188,0
aadr.us,2010-11-24,27.776,27.776,27.776,27.776,824,0
dag.us,2011-02-24,14.65,14.7,14.3,14.56,363658,0
aadr.us,2011-12-08,27.61,27.61,27.61,27.61,132,0
dag.us,2011-10-06,10.96,11.02,10.85,10.85,68584,0
aadr.us,2011-05-26,29.867,30.12,29.867,30.102,818,0
dag.us,2012-03-28,10.99,11.19,10.74,10.81,166966,0
aadr.us,2011-06-22,29.645,29.665,29.645,29.665,540,0
csd.us,2011-05-04,23.218,23.33,22.899,23.059,13859,0
dag.us,2012-09-17,14.07,14.09,13.47,13.51,215000,0
csd.us,2011-12-12,21.664,21.758,21.664,21.758,7370,0
aadr.us,2011-01-07,28.833,28.833,28.763,28.763,1687,0
bscj.us,2012-10-17,19.174,19.174,19.165,19.174,4104,0
dag.us,2012-08-10,14.23,14.43,13.96,14.01,143431,0
dag.us,2012-06-04,8.79,8.86,8.65,8.77,37638,0
aadr.us,2010-12-22,28.648,28.648,28.558,28.618,5533,0
aadr.us,2011-03-23,29.025,29.035,29.025,29.035,513,0
aadr.us,2012-01-26,28.558,28.558,28.298,28.493,33639,0
aadr.us,2010-09-01,24.888,25.158,24.888,25.158,1545,0
dag.us,2012-05-21,9.84,10.1,9.79,9.85,107044,0
dag.us,2012-07-03,11.73,12.08,11.68,12.08,167983,0
aadr.us,2010-12-20,28.415,28.415,28.415,28.415,618,0
csd.us,2011-06-29,22.469,22.656,22.469,22.656,7838,0
aadr.us,2011-01-31,28.928,28.948,28.928,28.928,695,0
dag.us,2011-04-14,14,14.3,13.95,14.2,312146,0
aadr.us,2010-10-13,28.278,28.278,28.268,28.268,1213,0
dag.us,2012-06-11,9.52,9.52,9.18,9.18,82788,0
bscj.us,2012-07-25,18.639,18.639,18.544,18.623,7458,0
dag.us,2011-12-13,10.24,10.31,10.11,10.16,17366,0
bscj.us,2012-11-02,19.221,19.23,19.221,19.23,7914,0
aadr.us,2012-03-08,29.366,29.576,29.366,29.576,720,0
dag.us,2012-12-04,12.69,12.71,12.48,12.55,23363,0
bscj.us,2012-07-03,18.381,18.381,18.336,18.354,6043,0
aadr.us,2011-04-26,30.567,30.567,30.567,30.567,411,0
dag.us,2011-01-07,13.44,13.96,13.44,13.74,311320,0
dag.us,2012-02-13,10.6,10.74,10.59,10.71,23366,0
dag.us,2012-02-28,11.02,11.2,11.02,11.18,70143,0
aadr.us,2011-09-13,27.184,27.242,27.048,27.242,2080,0
aadr.us,2010-12-10,28.338,28.453,28.338,28.443,2114,0
aadr.us,2012-01-10,27.533,27.533,27.175,27.533,309,0
aadr.us,2012-12-04,29.743,29.743,29.5,29.5,1133,0
csd.us,2011-10-27,21.423,21.806,21.375,21.712,10586,0
dag.us,2011-07-08,13.05,13.47,12.9,13.33,239662,0
csd.us,2011-12-21,21.88,21.983,21.88,21.926,1587,0
aadr.us,2012-03-06,28.493,28.493,28.493,28.493,124,0
aadr.us,2010-09-15,26.408,26.437,26.399,26.437,1545,0
dag.us,2012-06-26,10.74,10.9,10.52,10.74,135464,0
aadr.us,2010-11-05,28.54,28.54,28.308,28.338,521,0
dag.us,2012-03-29,10.74,10.75,10.41,10.41,126437,0
aadr.us,2012-10-03,28.726,28.726,28.726,28.726,201,0
aadr.us,2010-12-17,28.648,28.648,28.618,28.638,824,0
aadr.us,2010-09-20,26.893,26.96,26.893,26.96,513,0
dag.us,2011-02-11,16.4,16.42,16,16.25,1052847,0
dag.us,2012-05-04,9.79,9.97,9.7,9.84,23424,0
aadr.us,2011-03-09,29.615,29.714,29.547,29.645,896,0
csd.us,2011-01-20,21.14,21.14,21.067,21.14,5521,0
aadr.us,2012-11-26,28.87,29.065,28.87,29.065,1256,0
csd.us,2011-11-25,20.3,20.309,20.093,20.093,1461,0
csd.us,2011-05-31,23.031,23.198,22.964,23.181,4926,0
dag.us,2011-05-23,13.91,14.34,13.85,14.15,94024,0
bscj.us,2012-07-06,18.397,18.459,18.397,18.415,3320,0
bscj.us,2012-04-27,18.03,18.03,18.03,18.03,463,0
dag.us,2011-11-29,10,10.32,9.9,10.25,35258,0
dag.us,2011-04-07,15.26,15.37,14.8,15.02,485240,0
dag.us,2012-09-13,14.18,14.27,14.11,14.24,60066,0
dag.us,2011-06-14,14.57,14.58,13.89,14.36,321611,0
bscj.us,2012-06-29,18.234,18.234,18.214,18.214,1110,0
csd.us,2011-05-26,22.693,22.843,22.16,22.815,2968,0
dag.us,2012-10-19,12.84,13.02,12.79,12.82,38002,0
aadr.us,2011-04-07,30.256,30.256,29.986,30.034,10935,0
csd.us,2011-12-09,21.552,22.061,21.552,22.061,9293,0
dag.us,2011-01-25,14.92,15.05,14.75,14.99,350398,0
bscj.us,2012-11-09,19.249,19.258,19.23,19.258,13807,0
dag.us,2011-06-24,13.37,13.37,12.83,12.88,232483,0
dag.us,2012-05-18,9.66,9.94,9.61,9.75,32949,0
dag.us,2011-02-02,16.29,16.85,16.21,16.65,1097708,0
aadr.us,2011-12-09,27.34,27.728,27.252,27.728,11323,0
csd.us,2011-10-14,20.701,20.738,20.571,20.738,6368,0
aadr.us,2010-11-08,27.115,28.318,27.115,28.318,2374,0
aadr.us,2011-12-30,27.155,27.281,27.067,27.252,5378,0
csd.us,2011-03-30,22.722,22.797,22.703,22.777,6344,0
dag.us,2012-09-04,14.7,14.86,14.38,14.51,70284,0
dag.us,2012-08-30,14.59,14.75,14.52,14.56,62221,0
csd.us,2011-07-15,23.189,23.189,23.04,23.116,5626,0
bscj.us,2012-09-04,18.82,18.82,18.756,18.785,5443,0
csd.us,2011-03-15,21.244,21.506,21.234,21.506,1733,0
aadr.us,2012-08-23,28.174,28.174,28.174,28.174,528,0
bscj.us,2012-08-06,18.699,18.699,18.68,18.68,795,0
dag.us,2011-05-02,14.26,14.63,14.09,14.11,438092,0
aadr.us,2012-12-24,30.301,30.311,29.862,29.862,1708,0
dag.us,2012-08-01,14.02,14.21,13.62,14.18,128364,0
dag.us,2012-06-29,11.16,11.21,11,11.19,130204,0
csd.us,2011-08-05,21.094,21.403,20.14,20.654,8490,0
aadr.us,2011-04-20,30.518,30.518,30.364,30.364,6911,0
dag.us,2011-11-15,10.87,11.23,10.86,11.07,39812,0
aadr.us,2011-04-13,29.956,29.996,29.956,29.996,530,0
aadr.us,2011-06-02,30.705,30.705,30.705,30.705,101,0
aadr.us,2010-11-15,28.308,28.308,27.903,27.903,513,0
dag.us,2012-02-06,10.94,10.99,10.85,10.99,43973,0
aadr.us,2011-12-02,27.688,28.184,27.572,27.639,22918,0
dag.us,2011-07-29,14.2,14.22,13.86,13.88,162463,0
aadr.us,2011-09-14,26.923,27.543,26.923,27.466,3547,0
aadr.us,2011-10-04,23.936,23.946,23.867,23.946,3104,0
bscj.us,2012-08-15,18.538,18.538,18.538,18.538,202,0
aadr.us,2011-04-15,29.916,29.916,29.916,29.916,206,0
aadr.us,2012-11-12,28.608,28.688,28.578,28.688,992,0
aadr.us,2011-10-24,27.436,27.514,27.436,27.514,781,0
aadr.us,2012-07-05,27.912,27.99,27.912,27.97,1313,0
aadr.us,2012-02-01,28.813,28.823,28.773,28.773,16552,0
aadr.us,2011-05-03,30.935,31.265,30.646,30.646,628,0
csd.us,2011-06-02,22.74,22.74,22.656,22.675,1014,0
bscj.us,2012-06-06,18.125,18.143,18.125,18.143,2606,0
aadr.us,2011-07-19,29.366,29.859,29.366,29.859,2871,0
dag.us,2012-02-08,10.96,11.05,10.82,10.91,41745,0
dag.us,2012-02-27,10.73,10.96,10.73,10.95,57478,0
dag.us,2012-07-31,14.5,14.51,14.21,14.22,76174,0
dag.us,2012-11-19,12.13,12.27,12.12,12.22,19499,0
aadr.us,2011-03-03,29.694,29.694,29.694,29.694,101,0
aadr.us,2012-01-19,28.193,28.278,28.193,28.278,340,0
aadr.us,2011-09-22,25.603,25.603,24.859,24.859,2336,0
aadr.us,2012-02-17,29.472,29.472,29.406,29.406,732,0
bscj.us,2012-09-27,19.003,19.013,18.994,19.013,9635,0
dag.us,2012-05-03,9.85,9.97,9.78,9.95,53222,0
csd.us,2011-03-29,22.44,22.89,22.44,22.591,2044,0
csd.us,2011-04-13,22.46,22.506,22.376,22.506,1879,0
csd.us,2011-12-15,21.356,21.356,21.281,21.291,5224,0
csd.us,2011-09-30,19.211,19.606,19.211,19.485,5503,0
aadr.us,2012-12-19,30.236,30.266,30.236,30.266,206,0
csd.us,2011-11-11,21.244,21.43,21.244,21.43,4181,0
aadr.us,2012-07-10,27.63,27.63,27.63,27.63,126,0
aadr.us,2010-12-15,28.736,28.783,28.493,28.502,8149,0
csd.us,2011-07-12,23.339,23.339,23.273,23.31,696,0
aadr.us,2012-10-25,28.638,30.054,28.638,28.842,4748,0
dag.us,2012-09-11,14.14,14.14,13.9,14,224335,0
dag.us,2012-08-22,14.73,14.79,14.52,14.66,45062,0
dag.us,2011-06-13,14.93,14.99,14.47,14.74,137224,0
bscj.us,2012-09-11,18.806,18.806,18.789,18.797,10118,0
aadr.us,2010-08-05,25.118,25.118,25.118,25.118,513,0
aadr.us,2011-05-24,29.596,29.996,29.596,29.839,10479,0
aadr.us,2010-10-15,27.903,27.903,27.883,27.893,791,0
aadr.us,2011-11-07,27.756,27.756,27.756,27.756,160,0
csd.us,2011-11-21,20.945,20.945,20.654,20.776,4583,0
aadr.us,2011-08-22,27.135,27.824,26.535,26.535,1186,0
aadr.us,2012-05-09,27.99,28.078,27.99,28.078,400,0
bscj.us,2012-07-11,18.488,18.488,18.432,18.44,8406,0
bscj.us,2012-09-17,18.752,18.78,18.752,18.762,7734,0
csd.us,2011-11-15,21.169,21.487,21.169,21.459,7223,0
bscj.us,2012-10-26,19.141,19.165,19.141,19.165,2098,0
aadr.us,2012-06-14,27.204,27.204,27.095,27.095,461,0
dag.us,2012-06-08,9.32,9.45,9.24,9.37,69183,0
aadr.us,2011-11-01,27.388,27.388,27.35,27.35,1940,0
csd.us,2011-10-06,19.495,19.794,19.438,19.719,58972,0
aadr.us,2010-11-22,27.951,28.096,27.815,28.096,1546,0
aadr.us,2011-01-13,28.988,28.997,28.988,28.997,1155,0
dag.us,2011-01-05,13.37,14.18,13.31,14.15,753698,0
aadr.us,2010-12-14,28.898,28.898,28.598,28.736,7002,0
bscj.us,2012-05-14,18.185,18.185,18.185,18.185,678,0
csd.us,2011-09-09,19.804,19.822,19.504,19.57,2247,0
aadr.us,2010-09-21,26.816,26.903,26.816,26.903,441,0
aadr.us,2010-12-02,27.903,28.348,27.903,28.308,26077,0
dag.us,2011-07-07,12.95,13.18,12.9,13.12,216399,0
aadr.us,2010-09-22,26.786,26.866,26.69,26.737,31669,0
dag.us,2012-07-19,14.52,14.72,14.14,14.3,274427,0
dag.us,2012-09-21,13.25,13.35,13.14,13.26,63906,0
dag.us,2011-02-25,14.62,15.5,14.6,15.16,577124,0
dag.us,2011-07-06,12.84,12.91,12.55,12.76,107513,0
dag.us,2012-10-01,13.25,13.31,12.94,13.03,60695,0
aadr.us,2010-12-06,28.135,28.378,28.135,28.378,2253,0
dag.us,2012-03-09,10.7,10.86,10.65,10.67,17567,0
aadr.us,2010-07-22,24.644,24.644,24.362,24.487,18031,0
aadr.us,2010-08-26,24.352,24.381,24.238,24.238,7736,0
dag.us,2012-04-03,11.29,11.31,11.09,11.21,34319,0
dag.us,2012-11-12,12.33,12.44,12.02,12.07,52040,0
bscj.us,2012-11-27,19.221,19.249,19.212,19.249,3197,0
aadr.us,2011-08-16,27.98,27.98,27.98,27.98,449,0
aadr.us,2010-07-29,24.527,24.527,24.256,24.256,1238,0
aadr.us,2010-12-13,28.54,28.736,28.54,28.628,6087,0
dag.us,2012-03-23,11.03,11.09,10.94,10.97,43965,0
csd.us,2011-07-28,22.479,22.685,22.414,22.469,13826,0
bscj.us,2012-05-08,18.113,18.141,18.113,18.123,17363,0
aadr.us,2012-03-01,29.733,29.743,29.733,29.743,740,0
csd.us,2011-09-01,20.785,21.019,20.477,20.505,2918,0
dag.us,2011-06-23,12.92,13.36,12.51,13.29,605950,0
aadr.us,2010-08-03,24.966,25.069,24.966,25.042,11516,0
aadr.us,2011-12-23,27.175,27.223,27.175,27.223,3427,0
bscj.us,2012-08-31,18.805,18.824,18.805,18.824,2843,0
aadr.us,2012-11-29,29.675,29.704,29.605,29.704,411,0
csd.us,2011-11-03,21.225,21.487,21.225,21.487,3919,0
dag.us,2012-04-12,10.93,10.97,10.91,10.94,16961,0
aadr.us,2012-05-16,27.533,27.59,27.494,27.494,1238,0
aadr.us,2010-11-12,28.125,28.125,26.196,27.815,5584,0
csd.us,2011-03-04,22.302,22.302,22.236,22.282,1297,0
bscj.us,2012-11-01,19.277,19.277,19.183,19.24,7217,0
aadr.us,2012-09-25,29.426,29.426,28.638,28.638,542,0
dag.us,2012-11-15,11.96,12,11.8,11.82,232547,0
bscj.us,2012-04-09,17.973,17.991,17.973,17.982,4413,0
dag.us,2011-06-29,13.71,13.8,13.35,13.45,406861,0
aadr.us,2010-12-27,28.608,28.688,28.532,28.688,977,0
aadr.us,2012-07-30,27.922,27.922,27.922,27.922,112,0
bscj.us,2012-11-12,19.277,19.277,19.277,19.277,1216,0
bscj.us,2012-05-30,18.104,18.15,18.049,18.049,28727,0
dag.us,2011-05-03,14.15,14.4,13.91,14.07,508313,0
csd.us,2011-12-07,21.835,21.947,21.702,21.947,7748,0
dag.us,2012-12-27,11.52,11.72,11.51,11.7,8475,0
csd.us,2011-08-12,19.822,20.056,19.625,19.897,12845,0
csd.us,2011-07-22,23.386,23.507,23.264,23.32,7841,0
aadr.us,2010-09-03,25.507,25.507,25.429,25.429,4359,0
csd.us,2011-03-24,22.432,22.488,22.394,22.488,2644,0
dag.us,2011-08-25,15.3,15.57,15.1,15.48,126155,0
csd.us,2011-07-14,23.367,23.395,23.133,23.133,26520,0
aadr.us,2011-09-23,25.207,25.207,25.069,25.148,8282,0
bscj.us,2012-09-20,18.896,18.906,18.852,18.852,26793,0
aadr.us,2010-11-03,28.203,28.221,28.203,28.221,395,0
aadr.us,2012-02-02,28.888,28.888,28.888,28.888,142,0
csd.us,2011-10-31,21.214,21.355,21.214,21.355,4401,0
bscj.us,2012-06-07,18.135,18.143,18.135,18.135,2729,0
bscj.us,2012-12-06,19.367,19.367,19.33,19.33,25308,0
csd.us,2011-11-16,21.628,21.628,21.319,21.543,990,0
aadr.us,2010-11-23,27.416,27.416,27.416,27.416,1032,0
dag.us,2011-09-30,12.02,12.45,11.5,11.57,121812,0
csd.us,2011-09-14,19.804,20.467,19.804,20.467,2052,0
csd.us,2011-05-02,23.32,23.441,23.31,23.31,1622,0
dag.us,2012-10-26,12.57,12.61,12.5,12.52,22941,0
bscj.us,2012-04-30,18.111,18.111,18.056,18.102,3073,0
dag.us,2011-10-25,12.23,12.25,12,12.12,105504,0
bscj.us,2012-05-25,18.039,18.059,18.017,18.017,18199,0
aadr.us,2010-10-20,27.708,27.824,27.708,27.824,618,0
bscj.us,2012-05-11,18.086,18.104,18.086,18.104,7026,0
dag.us,2012-06-05,8.91,8.91,8.68,8.7,88228,0
dag.us,2012-04-09,11.15,11.2,11.05,11.11,8495,0
csd.us,2011-12-06,22.163,22.163,21.938,22.032,4935,0
aadr.us,2011-01-27,29.132,29.278,29.132,29.278,352,0
bscj.us,2012-08-23,18.699,18.699,18.699,18.699,932,0
bscj.us,2012-04-03,17.931,17.931,17.857,17.857,11177,0
dag.us,2012-11-28,12.51,12.67,12.47,12.62,106720,0
csd.us,2011-03-16,21.534,21.534,21.309,21.468,4856,0
dag.us,2011-06-10,14.9,15.05,14.61,14.95,482773,0
aadr.us,2011-09-19,26.836,26.846,26.633,26.816,1701,0
aadr.us,2011-01-18,29.287,29.366,29.268,29.278,1756,0
aadr.us,2012-03-21,30.063,30.063,30.034,30.034,324,0
csd.us,2011-03-02,21.945,22.067,21.945,22.067,749,0
bscj.us,2012-11-06,19.199,19.246,19.162,19.162,19961,0
aadr.us,2011-10-07,25.574,25.594,25.439,25.594,1806,0
dag.us,2011-07-11,13.21,13.33,13.1,13.25,412950,0
bscj.us,2012-09-10,18.789,18.797,18.77,18.789,5843,0
aadr.us,2012-09-21,29.386,29.386,29.376,29.376,1341,0
bscj.us,2012-05-01,18.095,18.095,18.095,18.095,4129,0
aadr.us,2011-12-19,26.273,26.389,26.196,26.389,1238,0
dag.us,2011-08-23,15.46,15.92,15.37,15.89,310083,0
dag.us,2012-10-12,12.96,13.01,12.62,12.71,40635,0
csd.us,2011-07-29,22.479,22.479,22.347,22.424,2530,0
dag.us,2011-01-19,15.13,15.25,14.55,14.72,877125,0
aadr.us,2011-12-06,27.639,27.639,27.639,27.639,101,0
aadr.us,2011-07-26,30.414,30.47,30.414,30.46,3619,0
csd.us,2011-05-25,22.432,22.591,22.432,22.591,10424,0
dag.us,2011-07-05,12.86,12.95,12.58,12.93,264588,0
bscj.us,2012-06-25,18.263,18.29,18.263,18.29,604,0
csd.us,2011-04-26,23.096,23.133,23.096,23.096,6977,0
dag.us,2011-10-17,12.09,12.09,11.82,11.94,53127,0
aadr.us,2011-05-04,30.626,30.626,30.414,30.452,2394,0
csd.us,2011-04-28,23.152,23.245,23.142,23.237,13702,0
aadr.us,2011-02-04,29.326,29.426,29.268,29.426,690,0
aadr.us,2011-09-27,26.107,26.574,26.107,26.574,6558,0
aadr.us,2011-06-06,30.695,30.695,30.577,30.685,792,0
dag.us,2011-06-03,15.01,15.1,14.79,14.96,307432,0
csd.us,2011-05-24,22.732,22.732,22.488,22.526,14831,0
aadr.us,2012-12-28,30.001,30.068,30.001,30.068,308,0
dag.us,2011-10-21,11.96,12.14,11.72,11.87,48982,0
csd.us,2011-09-19,20.215,20.392,20.215,20.392,904,0
csd.us,2011-12-14,21.309,21.309,21.15,21.15,11372,0
aadr.us,2012-01-13,27.029,27.223,27.029,27.223,1515,0
csd.us,2011-01-21,21.094,21.094,21.038,21.038,826,0
csd.us,2011-07-18,23.04,23.04,22.749,22.825,1517,0
aadr.us,2011-01-04,29.376,29.426,28.997,29.094,22886,0
dag.us,2012-01-11,10.82,10.98,10.68,10.91,29469,0
dag.us,2012-08-02,13.73,14.05,13.64,13.84,108565,0
csd.us,2011-12-05,21.861,22.16,21.861,22.03,475222,0
dag.us,2012-10-15,12.54,12.54,12.23,12.35,86290,0
dag.us,2011-06-17,13.81,13.86,13.5,13.69,239833,0
aadr.us,2012-10-09,28.678,28.688,28.668,28.688,317,0
aadr.us,2012-06-28,26.816,26.876,26.816,26.876,206,0
aadr.us,2011-03-25,29.356,29.5,29.287,29.297,1934,0
aadr.us,2011-10-20,26.379,26.379,26.379,26.379,186,0
bscj.us,2012-12-18,19.189,19.189,19.09,19.153,22336,0
csd.us,2011-04-25,22.825,22.825,22.675,22.807,11263,0
csd.us,2011-08-18,19.56,19.607,19.13,19.279,2756,0
bscj.us,2012-12-13,19.226,19.246,19.162,19.199,25567,0
dag.us,2011-07-13,13.92,14.51,13.88,14.37,677304,0
dag.us,2012-03-16,11.56,11.68,11.4,11.49,81336,0
dag.us,2012-03-07,10.82,10.84,10.65,10.66,33326,0
bscj.us,2012-07-20,18.61,18.61,18.601,18.61,3711,0
csd.us,2011-06-27,21.983,22.151,21.918,22.151,1572,0
aadr.us,2012-11-19,28.415,28.502,28.348,28.453,1135,0
dag.us,2011-12-06,10.53,10.75,10.32,10.71,52653,0
aadr.us,2011-05-19,30.646,30.646,30.646,30.646,503,0
aadr.us,2012-02-27,29.462,29.519,29.462,29.519,774,0
dag.us,2012-08-21,14.5,14.8,14.49,14.77,131565,0
aadr.us,2011-11-18,26.876,26.913,26.767,26.913,1515,0
aadr.us,2011-01-28,29.179,29.179,29.141,29.141,678,0
dag.us,2012-02-21,10.61,10.68,10.51,10.63,27697,0
bscj.us,2012-08-13,18.689,18.689,18.601,18.68,1938,0
csd.us,2011-11-01,20.738,20.738,20.477,20.486,4538,0
dag.us,2012-02-02,10.65,10.85,10.65,10.77,93523,0
dag.us,2011-03-01,15.35,15.58,15.21,15.3,474155,0
aadr.us,2012-12-06,29.809,29.809,29.665,29.665,786,0
aadr.us,2010-11-17,27.388,27.514,27.321,27.456,3353,0
csd.us,2011-07-25,23.386,23.386,23.096,23.096,3956,0
bscj.us,2012-11-20,19.23,19.23,19.212,19.212,5224,0
dag.us,2012-01-10,10.95,11.01,10.78,10.98,143636,0
dag.us,2011-05-25,14.12,14.48,13.96,14.44,241995,0
dag.us,2012-02-23,10.79,10.87,10.68,10.77,42335,0
dag.us,2011-04-15,14.11,14.3,14.05,14.09,200113,0
aadr.us,2010-08-11,24.401,24.401,24.401,24.401,101,0
csd.us,2011-02-11,21.552,21.871,21.552,21.871,2080,0
csd.us,2011-06-13,21.768,21.861,21.497,21.796,16501,0
dag.us,2012-04-16,10.55,10.67,10.26,10.27,43572,0
csd.us,2011-06-09,22.085,22.253,22.076,22.253,4367,0
dag.us,2011-05-27,14.78,15,14.64,14.93,299297,0
dag.us,2011-05-12,12.71,13.16,12.48,12.95,370039,0
dag.us,2012-09-07,14.17,14.47,14.15,14.23,31410,0
aadr.us,2010-12-03,28.268,28.358,28.268,28.318,4593,0
aadr.us,2012-11-28,28.948,29.491,28.833,29.491,5218,0
bscj.us,2012-06-26,18.281,18.281,18.273,18.273,4426,0
dag.us,2012-03-26,11.05,11.16,11.04,11.08,115687,0
dag.us,2011-12-14,10,10.11,9.8,9.87,72172,0
aadr.us,2012-03-16,29.996,29.996,29.897,29.897,1032,0
csd.us,2011-12-13,22.039,22.039,21.702,21.702,8109,0
dag.us,2012-06-21,9.96,10.08,9.62,9.64,124497,0
dag.us,2011-05-24,14.34,14.43,13.86,14,160729,0
aadr.us,2010-08-18,25.013,25.109,25.013,25.109,587,0
dag.us,2012-09-27,12.45,12.53,12.3,12.41,85315,0
csd.us,2011-07-21,23.348,23.395,23.273,23.348,2736,0
dag.us,2011-07-27,14.7,14.87,14.54,14.76,308063,0
csd.us,2011-03-31,22.671,22.736,22.653,22.709,3390,0
dag.us,2011-05-18,13.8,14.74,13.8,14.66,1012551,0
csd.us,2011-03-10,21.889,21.889,21.796,21.796,2443,0
csd.us,2011-11-29,20.776,20.86,20.738,20.85,4082,0
aadr.us,2010-08-10,25.285,25.285,25.285,25.285,513,0
bscj.us,2012-09-24,18.906,18.944,18.906,18.924,12047,0
dag.us,2012-07-30,14.56,14.57,14.41,14.48,270818,0
aadr.us,2012-01-20,28.203,28.203,28.203,28.203,411,0
csd.us,2011-02-15,21.908,21.918,21.889,21.898,968,0
dag.us,2012-01-03,10.91,11.43,10.88,11.27,146593,0
csd.us,2011-09-06,19.392,19.849,19.065,19.757,30739,0
dag.us,2011-01-21,14.9,15.37,14.8,15.24,662182,0
dag.us,2012-09-12,13.98,14.2,13.92,14.14,69872,0
aadr.us,2012-01-11,27.321,27.805,27.242,27.572,930,0
aadr.us,2012-08-27,28.308,28.308,28.308,28.308,101,0
dag.us,2011-08-17,14.8,15.15,14.8,15.04,256057,0
bscj.us,2012-07-13,18.529,18.529,18.509,18.519,5205,0
dag.us,2011-11-09,11.71,11.71,11.3,11.35,113124,0
dag.us,2011-11-03,11.65,11.88,11.63,11.76,28742,0
dag.us,2011-02-08,16,16.23,15.71,16.19,677827,0
aadr.us,2012-11-14,28.453,28.453,28.453,28.453,2063,0
csd.us,2011-11-23,20.486,20.542,20.215,20.215,2496,0
dag.us,2011-04-08,15.08,15.48,14.83,15.44,411699,0
aadr.us,2011-10-11,26.457,26.457,26.408,26.408,34248,0
aadr.us,2012-01-03,28.087,28.087,27.766,27.766,1054,0
csd.us,2011-11-17,21.216,21.216,20.86,20.925,3929,0
bscj.us,2012-05-04,18.195,18.195,18.195,18.195,3034,0
dag.us,2012-05-31,9.05,9.13,8.9,8.9,39611,0
bscj.us,2012-05-03,18.133,18.133,18.086,18.086,8143,0
aadr.us,2012-10-19,29.035,29.035,29.035,29.035,206,0
dag.us,2011-11-23,9.85,9.89,9.65,9.68,62316,0
aadr.us,2010-11-04,28.588,28.588,28.548,28.568,3273,0
csd.us,2011-11-30,21.44,21.618,21.44,21.618,1983,0
dag.us,2011-03-03,15.68,15.88,15.45,15.88,331717,0
bscj.us,2012-11-15,19.23,19.286,19.212,19.212,7529,0
dag.us,2012-05-07,9.75,9.75,9.5,9.64,79162,0
aadr.us,2011-05-09,30.404,30.442,30.404,30.442,471,0
aadr.us,2011-07-22,30.384,30.537,30.384,30.537,824,0
csd.us,2011-04-15,22.572,22.722,22.469,22.693,2052,0
aadr.us,2011-09-07,27.795,28.221,27.795,28.184,1032,0
dag.us,2012-02-01,10.87,10.87,10.76,10.79,22400,0
dag.us,2012-08-06,13.89,14,13.78,13.9,104007,0
dag.us,2012-07-05,12.38,12.86,12.25,12.83,218727,0
aadr.us,2012-08-30,27.99,28.049,27.99,28.049,206,0
aadr.us,2011-01-20,28.86,28.86,28.608,28.668,309,0
dag.us,2011-02-10,16.87,16.93,16.35,16.43,807824,0
dag.us,2012-12-13,12.09,12.1,11.88,12,70749,0
csd.us,2011-10-20,20.365,20.365,20.29,20.355,2597,0
bscj.us,2012-09-28,19.041,19.041,19.024,19.041,8981,0
dag.us,2012-06-19,9.65,9.85,9.61,9.83,89151,0
aadr.us,2012-12-18,30.102,30.197,30.102,30.112,930,0
dag.us,2012-11-14,12.14,12.18,11.96,11.97,27378,0
csd.us,2011-08-22,19.504,19.504,19.195,19.195,1475,0
aadr.us,2011-02-11,29.346,29.346,29.346,29.346,101,0
aadr.us,2011-09-28,26.087,26.087,26.087,26.087,101,0
aadr.us,2010-09-08,25.556,25.651,25.497,25.497,4127,0
aadr.us,2011-01-06,28.908,28.938,28.833,28.918,13632,0
bscj.us,2012-08-22,18.626,18.634,18.594,18.634,6901,0
aadr.us,2011-01-21,28.928,28.928,28.928,28.928,206,0
bscj.us,2012-08-14,18.594,18.594,18.548,18.575,9702,0
csd.us,2011-01-24,21.038,21.14,20.954,21.14,3812,0
aadr.us,2010-09-27,27.242,27.301,27.223,27.301,11244,0
bscj.us,2012-06-14,18.17,18.17,18.17,18.17,1752,0
csd.us,2011-09-12,19.55,19.56,19.316,19.458,3419,0
aadr.us,2011-01-19,29.085,29.085,29.035,29.035,842,0
dag.us,2012-11-05,12.63,12.7,12.51,12.58,18600,0
dag.us,2012-08-09,14.04,14.27,14,14.21,71611,0
csd.us,2011-07-01,23.133,23.367,23.106,23.367,4198,0
aadr.us,2012-07-23,26.399,26.399,26.399,26.399,154,0
dag.us,2011-09-23,12.95,13.78,12.86,12.95,194185,0
aadr.us,2012-03-27,30.51,30.51,30.374,30.414,6140,0
csd.us,2011-03-07,22.18,22.245,21.88,21.945,1988,0
dag.us,2012-08-03,13.92,14.32,13.92,14.14,131159,0
csd.us,2011-02-09,21.646,21.646,21.6,21.618,1850,0
dag.us,2011-03-09,15.25,15.3,14.53,14.78,683165,0
bscj.us,2012-10-04,19.094,19.094,19.057,19.057,6405,0
aadr.us,2010-09-23,26.999,26.999,26.747,26.846,4898,0
aadr.us,2011-05-31,30.705,30.782,30.705,30.782,770,0
dag.us,2012-07-11,13.33,13.47,12.49,12.86,244553,0
dag.us,2012-02-29,11.23,11.4,11.18,11.4,193841,0
dag.us,2012-05-14,9,9.06,8.9,8.92,63840,0
bscj.us,2012-05-02,18.077,18.077,18.077,18.077,5019,0
csd.us,2011-12-23,22.061,22.173,22.061,22.07,13017,0
aadr.us,2010-11-09,28.249,28.406,28.164,28.164,1238,0
dag.us,2012-04-02,11.19,11.38,11.14,11.38,56368,0
dag.us,2011-07-01,12.17,12.6,12.15,12.49,240332,0
bscj.us,2012-07-19,18.59,18.59,18.59,18.59,1103,0
